Workbook
Name Dienstag: #REF!
Name Donnerstag: #REF!
Name Freitag: #REF!
Name JP: #REF!
Name Mittwoch: #REF!
Name Montag: #REF!
Name Samstag: #REF!

Sheet Par (December 2025)
O1: 2025 | P1: 12 | R1: 1
C4: Article = เลิกใช้งาน | E4: Howler
C5: Article = ซ่อน สามารถใช้งานได้
F6: ซ่อน | G6: ซ่อน | H6: ซ่อน | I6: ซ่อน | O6: =+DATE($O$1,$P$1,$R$1) -> 45992 | AE6: Daily Cost | AH6: =+DATE($O$1,$P$1,$R$1)+1 -> 45993 | AX6: Daily Cost | BA6: =+DATE($O$1,$P$1,$R$1)+2 -> 45994 | BQ6: Daily Cost | BT6: =+DATE($O$1,$P$1,$R$1)+3 -> 45995 | CJ6: Daily Cost | CM6: =+DATE($O$1,$P$1,$R$1)+4 -> 45996 | DC6: Daily Cost | DF6: =+DATE($O$1,$P$1,$R$1)+5 -> 45997 | DV6: Daily Cost | DY6: =+DATE($O$1,$P$1,$R$1)+6 -> 45998 | EO6: Daily Cost | ER6: =+DATE($O$1,$P$1,$R$1)+7 -> 45999 | FH6: Daily Cost | FK6: =+DATE($O$1,$P$1,$R$1)+8 -> 46000 | GA6: Daily Cost | GD6: =+DATE($O$1,$P$1,$R$1)+9 -> 46001 | GT6: Daily Cost | GW6: =+DATE($O$1,$P$1,$R$1)+10 -> 46002 | HM6: Daily Cost | HP6: =+DATE($O$1,$P$1,$R$1)+11 -> 46003 | IF6: Daily Cost | II6: =+DATE($O$1,$P$1,$R$1)+12 -> 46004 | IY6: Daily Cost | JB6: =+DATE($O$1,$P$1,$R$1)+13 -> 46005 | JR6: Daily Cost | JU6: =+DATE($O$1,$P$1,$R$1)+14 -> 46006 | KK6: Daily Cost | KN6: =+DATE($O$1,$P$1,$R$1)+15 -> 46007 | LD6: Daily Cost | LG6: =+DATE($O$1,$P$1,$R$1)+16 -> 46008 | LW6: Daily Cost | LZ6: =+DATE($O$1,$P$1,$R$1)+17 -> 46009 | MP6: Daily Cost | MS6: =+DATE($O$1,$P$1,$R$1)+18 -> 46010 | NI6: Daily Cost | NL6: =+DATE($O$1,$P$1,$R$1)+19 -> 46011 | OB6: Daily Cost | OE6: =+DATE($O$1,$P$1,$R$1)+20 -> 46012 | OU6: Daily Cost | OX6: =+DATE($O$1,$P$1,$R$1)+21 -> 46013 | PN6: Daily Cost | PQ6: =+DATE($O$1,$P$1,$R$1)+22 -> 46014 | QG6: Daily Cost | QJ6: =+DATE($O$1,$P$1,$R$1)+23 -> 46015 | QZ6: Daily Cost | RA6: Full Check | RC6: =+DATE($O$1,$P$1,$R$1)+24 -> 46016 | RS6: Daily Cost | RV6: =+DATE($O$1,$P$1,$R$1)+25 -> 46017 | SL6: Daily Cost | SO6: =+DATE($O$1,$P$1,$R$1)+26 -> 46018 | TE6: Daily Cost | TH6: =+DATE($O$1,$P$1,$R$1)+27 -> 46019 | TX6: Daily Cost | UA6: =+DATE($O$1,$P$1,$R$1)+28 -> 46020 | UQ6: Daily Cost | UT6: =+DATE($O$1,$P$1,$R$1)+29 -> 46021 | VJ6: Daily Cost | VM6: =+DATE($O$1,$P$1,$R$1)+30 -> 46022 | WC6: Daily Cost | WG6: Par Summary of December 2025
C7: Master Line | D7: Alphabet Lin | E7: Description | F7: Par./ | H7: Par./ | J7: Supplier | K7: Unit | L7: Cost Per Unit | N7: Beginning Balance | O7: Open | P7: Store | Q7: Supplier | R7: T/F | T7: None-Selling | W7: Spoil | X7: Selling Btl. | Y7: Selling Shot | Z7: ช่องสูตร Gls. | AA7: Selling Cocktail ml. | AB7: ช่องสูตร Cocktail ml. | AC7: Balance Btl. | AD7: Balance Shot | AF7: Weekly Check | AG7: Diff | AH7: Open | AI7: Store | AJ7: Supplier | AK7: T/F | AM7: None-Selling | AP7: Spoil | AQ7: Selling Btl. | AR7: Selling Shot | AS7: ช่องสูตร Gls. | AT7: Selling Cocktail ml. | AU7: ช่องสูตร Cocktail ml. | AV7: Balance Btl. | AW7: Balance Shot | AY7: Weekly Check | AZ7: Diff | BA7: Open | BB7: Store | BC7: Supplier | BD7: T/F | BF7: None-Selling | BI7: Spoil | BJ7: Selling Btl. | BK7: Selling Shot | BL7: ช่องสูตร Gls. | BM7: Selling Cocktail ml. | BN7: ช่องสูตร Cocktail ml. | BO7: Balance Btl. | BP7: Balance Shot | BR7: Weekly Check | BS7: Diff | BT7: Open | BU7: Store | BV7: Supplier | BW7: T/F | BY7: None-Selling | CB7: Spoil | CC7: Selling Btl. | CD7: Selling Shot | CE7: ช่องสูตร Gls. | CF7: Selling Cocktail ml. | CG7: ช่องสูตร Cocktail ml. | CH7: Balance Btl. | CI7: Balance Shot | CK7: Weekly Check | CL7: Diff | CM7: Open | CN7: Store | CO7: Supplier | CP7: T/F | CR7: None-Selling | CU7: Spoil | CV7: Selling Btl. | CW7: Selling Shot | CX7: ช่องสูตร Gls. | CY7: Selling Cocktail ml. | CZ7: ช่องสูตร Cocktail ml. | DA7: Balance Btl. | DB7: Balance Shot | DD7: Weekly Check | DE7: Diff | DF7: Open | DG7: Store | DH7: Supplier | DI7: T/F | DK7: None-Selling | DN7: Spoil | DO7: Selling Btl. | DP7: Selling Shot | DQ7: ช่องสูตร Gls. | DR7: Selling Cocktail ml. | DS7: ช่องสูตร Cocktail ml. | DT7: Balance Btl. | DU7: Balance Shot | DW7: Weekly Check | DX7: Diff | DY7: Open | DZ7: Store | EA7: Supplier | EB7: T/F | ED7: None-Selling | EG7: Spoil | EH7: Selling Btl. | EI7: Selling Shot | EJ7: ช่องสูตร Gls. | EK7: Selling Cocktail ml. | EL7: ช่องสูตร Cocktail ml. | EM7: Balance Btl. | EN7: Balance Shot | EP7: Weekly Check | EQ7: Diff | ER7: Open | ES7: Store | ET7: Supplier | EU7: T/F | EW7: None-Selling | EZ7: Spoil | FA7: Selling Btl. | FB7: Selling Shot | FC7: ช่องสูตร Gls. | FD7: Selling Cocktail ml. | FE7: ช่องสูตร Cocktail ml. | FF7: Balance Btl. | FG7: Balance Shot | FI7: Weekly Check | FJ7: Diff | FK7: Open | FL7: Store | FM7: Supplier | FN7: T/F | FP7: None-Selling | FS7: Spoil | FT7: Selling Btl. | FU7: Selling Shot | FV7: ช่องสูตร Gls. | FW7: Selling Cocktail ml. | FX7: ช่องสูตร Cocktail ml. | FY7: Balance Btl. | FZ7: Balance Shot | GB7: Weekly Check | GC7: Diff | GD7: Open | GE7: Store | GF7: Supplier | GG7: T/F | GI7: None-Selling | GL7: Spoil | GM7: Selling Btl. | GN7: Selling Shot | GO7: ช่องสูตร Gls. | GP7: Selling Cocktail ml. | GQ7: ช่องสูตร Cocktail ml. | GR7: Balance Btl. | GS7: Balance Shot | GU7: Weekly Check | GV7: Diff | GW7: Open | GX7: Store | GY7: Supplier | GZ7: T/F | HB7: None-Selling | HE7: Spoil | HF7: Selling Btl. | HG7: Selling Shot | HH7: ช่องสูตร Gls. | HI7: Selling Cocktail ml. | HJ7: ช่องสูตร Cocktail ml. | HK7: Balance Btl. | HL7: Balance Shot | HN7: Weekly Check | HO7: Diff | HP7: Open | HQ7: Store | HR7: Supplier | HS7: T/F | HU7: None-Selling | HX7: Spoil | HY7: Selling Btl. | HZ7: Selling Shot | IA7: ช่องสูตร Gls. | IB7: Selling Cocktail ml. | IC7: ช่องสูตร Cocktail ml. | ID7: Balance Btl. | IE7: Balance Shot | IG7: Weekly Check | IH7: Diff | II7: Open | IJ7: Store | IK7: Supplier | IL7: T/F | IN7: None-Selling | IQ7: Spoil | IR7: Selling Btl. | IS7: Selling Shot | IT7: ช่องสูตร Gls. | IU7: Selling Cocktail ml. | IV7: ช่องสูตร Cocktail ml. | IW7: Balance Btl. | IX7: Balance Shot | IZ7: Weekly Check | JA7: Diff | JB7: Open | JC7: Store | JD7: Supplier | JE7: T/F | JG7: None-Selling | JJ7: Spoil | JK7: Selling Btl. | JL7: Selling Shot | JM7: ช่องสูตร Gls. | JN7: Selling Cocktail ml. | JO7: ช่องสูตร Cocktail ml. | JP7: Balance Btl. | JQ7: Balance Shot | JS7: Weekly Check | JT7: Diff | JU7: Open | JV7: Store | JW7: Supplier | JX7: T/F | JZ7: None-Selling | KC7: Spoil | KD7: Selling Btl. | KE7: Selling Shot | KF7: ช่องสูตร Gls. | KG7: Selling Cocktail ml. | KH7: ช่องสูตร Cocktail ml. | KI7: Balance Btl. | KJ7: Balance Shot | KL7: Weekly Check | KM7: Diff | KN7: Open | KO7: Store | KP7: Supplier | KQ7: T/F | KS7: None-Selling | KV7: Spoil | KW7: Selling Btl. | KX7: Selling Shot | KY7: ช่องสูตร Gls. | KZ7: Selling Cocktail ml. | LA7: ช่องสูตร Cocktail ml. | LB7: Balance Btl. | LC7: Balance Shot | LE7: Weekly Check | LF7: Diff | LG7: Open | LH7: Store | LI7: Supplier | LJ7: T/F | LL7: None-Selling | LO7: Spoil | LP7: Selling Btl. | LQ7: Selling Shot | LR7: ช่องสูตร Gls. | LS7: Selling Cocktail ml. | LT7: ช่องสูตร Cocktail ml. | LU7: Balance Btl. | LV7: Balance Shot | LX7: Weekly Check | LY7: Diff | LZ7: Open | MA7: Store | MB7: Supplier | MC7: T/F | ME7: None-Selling | MH7: Spoil | MI7: Selling Btl. | MJ7: Selling Shot | MK7: ช่องสูตร Gls. | ML7: Selling Cocktail ml. | MM7: ช่องสูตร Cocktail ml. | MN7: Balance Btl. | MO7: Balance Shot | MQ7: Weekly Check | MR7: Diff | MS7: Open | MT7: Store | MU7: Supplier | MV7: T/F | MX7: None-Selling | NA7: Spoil | NB7: Selling Btl. | NC7: Selling Shot | ND7: ช่องสูตร Gls. | NE7: Selling Cocktail ml. | NF7: ช่องสูตร Cocktail ml. | NG7: Balance Btl. | NH7: Balance Shot | NJ7: Weekly Check | NK7: Diff | NL7: Open | NM7: Store | NN7: Supplier | NO7: T/F | NQ7: None-Selling | NT7: Spoil | NU7: Selling Btl. | NV7: Selling Shot | NW7: ช่องสูตร Gls. | NX7: Selling Cocktail ml. | NY7: ช่องสูตร Cocktail ml. | NZ7: Balance Btl. | OA7: Balance Shot | OC7: Weekly Check | OD7: Diff | OE7: Open | OF7: Store | OG7: Supplier | OH7: T/F | OJ7: None-Selling | OM7: Spoil | ON7: Selling Btl. | OO7: Selling Shot | OP7: ช่องสูตร Gls. | OQ7: Selling Cocktail ml. | OR7: ช่องสูตร Cocktail ml. | OS7: Balance Btl. | OT7: Balance Shot | OV7: Weekly Check | OW7: Diff | OX7: Open | OY7: Store | OZ7: Supplier | PA7: T/F | PC7: None-Selling | PF7: Spoil | PG7: Selling Btl. | PH7: Selling Shot | PI7: ช่องสูตร Gls. | PJ7: Selling Cocktail ml. | PK7: ช่องสูตร Cocktail ml. | PL7: Balance Btl. | PM7: Balance Shot | PO7: Weekly Check | PP7: Diff | PQ7: Open | PR7: Store | PS7: Supplier | PT7: T/F | PV7: None-Selling | PY7: Spoil | PZ7: Selling Btl. | QA7: Selling Shot | QB7: ช่องสูตร Gls. | QC7: Selling Cocktail ml. | QD7: ช่องสูตร Cocktail ml. | QE7: Balance Btl. | QF7: Balance Shot | QH7: Weekly Check | QI7: Diff | QJ7: Open | QK7: Store | QL7: Supplier | QM7: T/F | QO7: None-Selling | QR7: Spoil | QS7: Selling Btl. | QT7: Selling Shot | QU7: ช่องสูตร Gls. | QV7: Selling Cocktail ml. | QW7: ช่องสูตร Cocktail ml. | QX7: Balance Btl. | QY7: Balance Shot | RA7: Check | RB7: Diff | RC7: Open | RD7: Store | RE7: Supplier | RF7: T/F | RH7: None-Selling | RK7: Spoil | RL7: Selling Btl. | RM7: Selling Shot | RN7: ช่องสูตร Gls. | RO7: Selling Cocktail ml. | RP7: ช่องสูตร Cocktail ml. | RQ7: Balance Btl. | RR7: Balance Shot | RT7: Weekly Check | RU7: Diff | RV7: Open | RW7: Store | RX7: Supplier | RY7: T/F | SA7: None-Selling | SD7: Spoil | SE7: Selling Btl. | SF7: Selling Shot | SG7: ช่องสูตร Gls. | SH7: Selling Cocktail ml. | SI7: ช่องสูตร Cocktail ml. | SJ7: Balance Btl. | SK7: Balance Shot | SM7: Weekly Check | SN7: Diff | SO7: Open | SP7: Store | SQ7: Supplier | SR7: T/F | ST7: None-Selling | SW7: Spoil | SX7: Selling Btl. | SY7: Selling Shot | SZ7: ช่องสูตร Gls. | TA7: Selling Cocktail ml. | TB7: ช่องสูตร Cocktail ml. | TC7: Balance Btl. | TD7: Balance Shot | TF7: Weekly Check | TG7: Diff | TH7: Open | TI7: Store | TJ7: Supplier | TK7: T/F | TM7: None-Selling | TP7: Spoil | TQ7: Selling Btl. | TR7: Selling Shot | TS7: ช่องสูตร Gls. | TT7: Selling Cocktail ml. | TU7: ช่องสูตร Cocktail ml. | TV7: Balance Btl. | TW7: Balance Shot | TY7: Weekly Check | TZ7: Diff | UA7: Open | UB7: Store | UC7: Supplier | UD7: T/F | UF7: None-Selling | UI7: Spoil | UJ7: Selling Btl. | UK7: Selling Shot | UL7: ช่องสูตร Gls. | UM7: Selling Cocktail ml. | UN7: ช่องสูตร Cocktail ml. | UO7: Balance Btl. | UP7: Balance Shot | UR7: Weekly Check | US7: Diff | UT7: Open | UU7: Store | UV7: Supplier | UW7: T/F | UY7: None-Selling | VB7: Spoil | VC7: Selling Btl. | VD7: Selling Shot | VE7: ช่องสูตร Gls. | VF7: Selling Cocktail ml. | VG7: ช่องสูตร Cocktail ml. | VH7: Balance Btl. | VI7: Balance Shot | VK7: Weekly Check | VL7: Diff | VM7: Open | VN7: Store | VO7: Supplier | VP7: T/F | VR7: None-Selling | VU7: Spoil | VV7: Selling Btl. | VW7: Selling Shot | VX7: ช่องสูตร Gls. | VY7: Selling Cocktail ml. | VZ7: ช่องสูตร Cocktail ml. | WA7: Balance Btl. | WB7: Balance Shot | WD7: Weekly Check | WE7: Diff | WG7: OPEN | WH7: Store | WI7: Supplier | WJ7: T/F IN | WK7: T/F OUT | WL7: ENT. | WM7: OC | WN7: Mixer | WO7: Spoil | WP7: Selling Btl. | WQ7: Selling Shot | WR7: Selling ml./Shot Sum To Btl. | WS7: Selling cocktail Sum to Btl. | WT7: CLOSING Balance Btl. | WU7: CLOSING Balance Shot | WV7: Actaul Inventory | WW7: Diff | WX7: Key MC
F8: Oz. | H8: ml. | L8: Btl. | M8: Shot | R8: In | S8: Out | T8: Ent. | U8: OC | V8: Mixer | AK8: In | AL8: Out | AM8: Ent. | AN8: OC | AO8: Mixer | BD8: In | BE8: Out | BF8: Ent. | BG8: OC | BH8: Mixer | BW8: In | BX8: Out | BY8: Ent. | BZ8: OC | CA8: Mixer | CP8: In | CQ8: Out | CR8: Ent. | CS8: OC | CT8: Mixer | DI8: In | DJ8: Out | DK8: Ent. | DL8: OC | DM8: Mixer | EB8: In | EC8: Out | ED8: Ent. | EE8: OC | EF8: Mixer | EU8: In | EV8: Out | EW8: Ent. | EX8: OC | EY8: Mixer | FN8: In | FO8: Out | FP8: Ent. | FQ8: OC | FR8: Mixer | GG8: In | GH8: Out | GI8: Ent. | GJ8: OC | GK8: Mixer | GZ8: In | HA8: Out | HB8: Ent. | HC8: OC | HD8: Mixer | HS8: In | HT8: Out | HU8: Ent. | HV8: OC | HW8: Mixer | IL8: In | IM8: Out | IN8: Ent. | IO8: OC | IP8: Mixer | JE8: In | JF8: Out | JG8: Ent. | JH8: OC | JI8: Mixer | JX8: In | JY8: Out | JZ8: Ent. | KA8: OC | KB8: Mixer | KQ8: In | KR8: Out | KS8: Ent. | KT8: OC | KU8: Mixer | LJ8: In | LK8: Out | LL8: Ent. | LM8: OC | LN8: Mixer | MC8: In | MD8: Out | ME8: Ent. | MF8: OC | MG8: Mixer | MV8: In | MW8: Out | MX8: Ent. | MY8: OC | MZ8: Mixer | NO8: In | NP8: Out | NQ8: Ent. | NR8: OC | NS8: Mixer | OH8: In | OI8: Out | OJ8: Ent. | OK8: OC | OL8: Mixer | PA8: In | PB8: Out | PC8: Ent. | PD8: OC | PE8: Mixer | PT8: In | PU8: Out | PV8: Ent. | PW8: OC | PX8: Mixer | QM8: In | QN8: Out | QO8: Ent. | QP8: OC | QQ8: Mixer | RF8: In | RG8: Out | RH8: Ent. | RI8: OC | RJ8: Mixer | RY8: In | RZ8: Out | SA8: Ent. | SB8: OC | SC8: Mixer | SR8: In | SS8: Out | ST8: Ent. | SU8: OC | SV8: Mixer | TK8: In | TL8: Out | TM8: Ent. | TN8: OC | TO8: Mixer | UD8: In | UE8: Out | UF8: Ent. | UG8: OC | UH8: Mixer | UW8: In | UX8: Out | UY8: Ent. | UZ8: OC | VA8: Mixer | VP8: In | VQ8: Out | VR8: Ent. | VS8: OC | VT8: Mixer
A9: =IFERROR(IF(WU9=0,"-","Y"),"-") -> - | C9: 23 | D9: 1 | E9: Blended Scotch Whisky
A10: =IFERROR(IF(WU10=0,"-","Y"),"-") -> - | C10: 24 | D10: 2 | E10: JW Black Label 700 ml | F10: =IF(E10="","",IF(VLOOKUP(E10,'Master Data (December 2025)'!$B$10:$N$857,1)=E10,VLOOKUP(E10,'Master Data (December 2025)'!$B$10:$N$857,6),"XX")) -> 1 | H10: =IF(E10="","",IF(VLOOKUP(E10,'Master Data (December 2025)'!$B$10:$N$857,1)=E10,VLOOKUP(E10,'Master Data (December 2025)'!$B$10:$N$857,8),"XX")) -> 22 | J10: =IF(E10="","",IF(VLOOKUP(E10,'Master Data (December 2025)'!$B$10:$N$857,1)=E10,VLOOKUP(E10,'Master Data (December 2025)'!$B$10:$N$857,3),"XX")) -> สมภพ,อมฤต | K10: =IF(E10="","",IF(VLOOKUP(E10,'Master Data (December 2025)'!$B$10:$N$857,1)=E10,VLOOKUP(E10,'Master Data (December 2025)'!$B$10:$N$857,5),"XX")) -> Btl 700 ml | L10: =IF(E10="","",IF(VLOOKUP(E10,'Master Data (December 2025)'!$B$10:$N$857,1)=E10,VLOOKUP(E10,'Master Data (December 2025)'!$B$10:$N$857,11),"XX")) -> 1392 | M10: =IF(E10="","",IF(VLOOKUP(E10,'Master Data (December 2025)'!$B$10:$N$857,1)=E10,VLOOKUP(E10,'Master Data (December 2025)'!$B$10:$N$857,13),"XX")) -> 63.272727 | O10: =N10 -> 0 | Z10: =(Y10*F10)/H10 -> 0 | AA10: =IF(E10=0,0,SUMIF('Cocktail (December 2025)'!$F$6:$DB$1547,E10,'Cocktail (December 2025)'!$O$6:$O$1547)) -> 0 | AB10: =AA10/H10 -> 0 | AC10: =O10+P10+Q10+R10-S10-T10-U10-V10-W10-X10-Z10-AB10 -> 0 | AD10: =AC10*H10 -> 0 | AE10: =(T10+U10+V10+W10+(X10+((Y10*$F10)/$H10)+AB10))*$L10 -> 0 | AG10: =AF10-AC10 -> 0 | AH10: =IF(AF10="",AC10,IF(AF10<>0,AF10,0)) -> 0 | AS10: =(AR10*F10)/H10 -> 0 | AT10: =IF(E10=0,0,SUMIF('Cocktail (December 2025)'!$F$6:$DB$1547,E10,'Cocktail (December 2025)'!$R$6:$R$1547)) -> 0 | AU10: =AT10/H10 -> 0 | AV10: =AH10+AI10+AJ10+AK10-AL10-AM10-AN10-AO10-AP10-AQ10-AS10-AU10 -> 0 | AW10: =AV10*H10 -> 0 | AX10: =(AM10+AN10+AO10+AP10+(AQ10+((AR10*$F10)/$H10)+AU10))*$L10 -> 0 | AZ10: =AY10-AV10 -> 0 | BA10: =AV10 -> 0 | BL10: =(BK10*F10)/H10 -> 0 | BM10: =IF(E10=0,0,SUMIF('Cocktail (December 2025)'!$F$6:$DB$1547,E10,'Cocktail (December 2025)'!$U$6:$U$1547)) -> 0 | BN10: =BM10/H10 -> 0 | BO10: =BA10+BB10+BC10+BD10-BE10-BF10-BG10-BH10-BI10-BJ10-BL10-BN10 -> 0 | BP10: =BO10*H10 -> 0 | BQ10: =(BF10+BG10+BH10+BI10+(BJ10+((BK10*$F10)/$H10)+BN10))*$L10 -> 0 | BS10: =BR10-BO10 -> 0 | BT10: =BO10 -> 0 | CE10: =(CD10*F10)/H10 -> 0 | CF10: =IF(E10=0,0,SUMIF('Cocktail (December 2025)'!$F$6:$DB$1547,E10,'Cocktail (December 2025)'!$X$6:$X$1547)) -> 0 | CG10: =CF10/H10 -> 0 | CH10: =BT10+BU10+BV10+BW10-BX10-BY10-BZ10-CA10-CB10-CC10-CE10-CG10 -> 0 | CI10: =CH10*H10 -> 0 | CJ10: =(BY10+BZ10+CA10+CB10+(CC10+((CD10*$F10)/$H10)+CG10))*$L10 -> 0 | CL10: =CK10-CH10 -> 0 | CM10: =CH10 -> 0 | CX10: =(CW10*F10)/H10 -> 0 | CY10: =IF(E10=0,0,SUMIF('Cocktail (December 2025)'!$F$6:$DB$1547,E10,'Cocktail (December 2025)'!$AA$6:$AA$1547)) -> 0 | CZ10: =CY10/H10 -> 0 | DA10: =CM10+CN10+CO10+CP10-CQ10-CR10-CS10-CT10-CU10-CV10-CX10-CZ10 -> 0 | DB10: =DA10*H10 -> 0 | DC10: =(CR10+CS10+CT10+CU10+(CV10+((CW10*$F10)/$H10)+CZ10))*$L10 -> 0 | DE10: =DD10-DA10 -> 0 | DF10: =DA10 -> 0 | DQ10: =(DP10*F10)/H10 -> 0 | DR10: =IF(E10=0,0,SUMIF('Cocktail (December 2025)'!$F$6:$DB$1547,E10,'Cocktail (December 2025)'!$AD$6:$AD$1547)) -> 0 | DS10: =DR10/H10 -> 0 | DT10: =DF10+DG10+DH10+DI10-DJ10-DK10-DL10-DM10-DN10-DO10-DQ10-DS10 -> 0 | DU10: =DT10*H10 -> 0 | DV10: =(DK10+DL10+DM10+DN10+(DO10+((DP10*$F10)/$H10)+DS10))*$L10 -> 0 | DX10: =DW10-DT10 -> 0 | DY10: =DT10 -> 0 | EJ10: =(EI10*F10)/H10 -> 0 | EK10: =IF(E10=0,0,SUMIF('Cocktail (December 2025)'!$F$6:$DB$1547,E10,'Cocktail (December 2025)'!$AG$6:$AG$1547)) -> 0 | EL10: =EK10/H10 -> 0 | EM10: =DY10+DZ10+EA10+EB10-EC10-ED10-EE10-EF10-EG10-EH10-EJ10-EL10 -> 0 | EN10: =EM10*H10 -> 0 | EO10: =(ED10+EE10+EF10+EG10+(EH10+((EI10*$F10)/$H10)+EL10))*$L10 -> 0 | EQ10: =EP10-EM10 -> 0 | ER10: =EM10 -> 0 | FC10: =(FB10*F10)/H10 -> 0 | FD10: =IF(E10=0,0,SUMIF('Cocktail (December 2025)'!$F$6:$DB$1547,E10,'Cocktail (December 2025)'!$AJ$6:$AJ$1547)) -> 0 | FE10: =FD10/H10 -> 0 | FF10: =ER10+ES10+ET10+EU10-EV10-EW10-EX10-EY10-EZ10-FA10-FC10-FE10 -> 0 | FG10: =FF10*H10 -> 0 | FH10: =(EW10+EX10+EY10+EZ10+(FA10+((FB10*$F10)/$H10)+FE10))*$L10 -> 0 | FJ10: =FI10-FF10 -> 0 | FK10: =FF10 -> 0 | FV10: =(FU10*F10)/H10 -> 0 | FW10: =IF(E10=0,0,SUMIF('Cocktail (December 2025)'!$F$6:$DB$1547,E10,'Cocktail (December 2025)'!$AM$6:$AM$1547)) -> 0 | FX10: =FW10/H10 -> 0 | FY10: =FK10+FL10+FM10+FN10-FO10-FP10-FQ10-FR10-FS10-FT10-FV10-FX10 -> 0 | FZ10: =FY10*H10 -> 0 | GA10: =(FP10+FQ10+FR10+FS10+(FT10+((FU10*$F10)/$H10)+FX10))*$L10 -> 0 | GC10: =GB10-FY10 -> 0 | GD10: =FY10 -> 0 | GO10: =(GN10*F10)/H10 -> 0 | GP10: =IF(E10=0,0,SUMIF('Cocktail (December 2025)'!$F$6:$DB$1547,E10,'Cocktail (December 2025)'!$AP$6:$AP$1547)) -> 0 | GQ10: =GP10/H10 -> 0 | GR10: =GD10+GE10+GF10+GG10-GH10-GI10-GJ10-GK10-GL10-GM10-GO10-GQ10 -> 0 | GS10: =GR10*H10 -> 0 | GT10: =(GI10+GJ10+GK10+GL10+(GM10+((GN10*$F10)/$H10)+GQ10))*$L10 -> 0 | GV10: =GU10-GR10 -> 0 | GW10: =GR10 -> 0 | HH10: =(HG10*F10)/H10 -> 0 | HI10: =IF(E10=0,0,SUMIF('Cocktail (December 2025)'!$F$6:$DB$1547,E10,'Cocktail (December 2025)'!$AS$6:$AS$1547)) -> 0 | HJ10: =HI10/H10 -> 0 | HK10: =GW10+GX10+GY10+GZ10-HA10-HB10-HC10-HD10-HE10-HF10-HH10-HJ10 -> 0 | HL10: =HK10*H10 -> 0 | HM10: =(HB10+HC10+HD10+HE10+(HF10+((HG10*$F10)/$H10)+HJ10))*$L10 -> 0 | HO10: =HN10-HK10 -> 0 | HP10: =HK10 -> 0 | IA10: =(HZ10*F10)/H10 -> 0 | IB10: =IF(E10=0,0,SUMIF('Cocktail (December 2025)'!$F$6:$DB$1547,E10,'Cocktail (December 2025)'!$AV$6:$AV$1547)) -> 0 | IC10: =IB10/H10 -> 0 | ID10: =HP10+HQ10+HR10+HS10-HT10-HU10-HV10-HW10-HX10-HY10-IA10-IC10 -> 0 | IE10: =ID10*H10 -> 0 | IF10: =(HU10+HV10+HW10+HX10+(HY10+((HZ10*$F10)/$H10)+IC10))*$L10 -> 0 | IH10: =IG10-ID10 -> 0 | II10: =ID10 -> 0 | IT10: =(IS10*F10)/H10 -> 0 | IU10: =IF(E10=0,0,SUMIF('Cocktail (December 2025)'!$F$6:$DB$1547,E10,'Cocktail (December 2025)'!$AY$6:$AY$1547)) -> 0 | IV10: =IU10/H10 -> 0 | IW10: =II10+IJ10+IK10+IL10-IM10-IN10-IO10-IP10-IQ10-IR10-IT10-IV10 -> 0 | IX10: =IW10*H10 -> 0 | IY10: =(IN10+IO10+IP10+IQ10+(IR10+((IS10*$F10)/$H10)+IV10))*$L10 -> 0 | JA10: =IZ10-IW10 -> 0 | JB10: =IW10 -> 0 | JM10: =(JL10*F10)/H10 -> 0 | JN10: =IF(E10=0,0,SUMIF('Cocktail (December 2025)'!$F$6:$DB$1547,E10,'Cocktail (December 2025)'!$BB$6:$BB$1547)) -> 0 | JO10: =JN10/H10 -> 0 | JP10: =JB10+JC10+JD10+JE10-JF10-JG10-JH10-JI10-JJ10-JK10-JM10-JO10 -> 0 | JQ10: =JP10*H10 -> 0 | JR10: =(JG10+JH10+JI10+JJ10+(JK10+((JL10*$F10)/$H10)+JO10))*$L10 -> 0 | JT10: =JS10-JP10 -> 0 | JU10: =JP10 -> 0 | KF10: =(KE10*F10)/H10 -> 0 | KG10: =IF(E10=0,0,SUMIF('Cocktail (December 2025)'!$F$6:$DB$1547,E10,'Cocktail (December 2025)'!$BE$6:$BE$1547)) -> 0 | KH10: =KG10/H10 -> 0 | KI10: =JU10+JV10+JW10+JX10-JY10-JZ10-KA10-KB10-KC10-KD10-KF10-KH10 -> 0 | KJ10: =KI10*H10 -> 0 | KK10: =(JZ10+KA10+KB10+KC10+(KD10+((KE10*$F10)/$H10)+KH10))*$L10 -> 0 | KM10: =KL10-KI10 -> 0 | KN10: =KI10 -> 0 | KY10: =(KX10*F10)/H10 -> 0 | KZ10: =IF(E10=0,0,SUMIF('Cocktail (December 2025)'!$F$6:$DB$1547,E10,'Cocktail (December 2025)'!$BH$6:$BH$1547)) -> 0 | LA10: =KZ10/H10 -> 0 | LB10: =KN10+KO10+KP10+KQ10-KR10-KS10-KT10-KU10-KV10-KW10-KY10-LA10 -> 0 | LC10: =LB10*H10 -> 0 | LD10: =(KS10+KT10+KU10+KV10+(KW10+((KX10*$F10)/$H10)+LA10))*$L10 -> 0 | LF10: =LE10-LB10 -> 0 | LG10: =LB10 -> 0 | LR10: =(LQ10*F10)/H10 -> 0 | LS10: =IF(E10=0,0,SUMIF('Cocktail (December 2025)'!$F$6:$DB$1547,E10,'Cocktail (December 2025)'!$BK$6:$BK$1547)) -> 0 | LT10: =LS10/H10 -> 0 | LU10: =LG10+LH10+LI10+LJ10-LK10-LL10-LM10-LN10-LO10-LP10-LR10-LT10 -> 0 | LV10: =LU10*H10 -> 0 | LW10: =(LL10+LM10+LN10+LO10+(LP10+((LQ10*$F10)/$H10)+LT10))*$L10 -> 0 | LY10: =LX10-LU10 -> 0 | LZ10: =LU10 -> 0 | MK10: =(MJ10*F10)/H10 -> 0 | ML10: =IF(E10=0,0,SUMIF('Cocktail (December 2025)'!$F$6:$DB$1547,E10,'Cocktail (December 2025)'!$BN$6:$BN$1547)) -> 0 | MM10: =ML10/H10 -> 0 | MN10: =LZ10+MA10+MB10+MC10-MD10-ME10-MF10-MG10-MH10-MI10-MK10-MM10 -> 0 | MO10: =MN10*H10 -> 0 | MP10: =(ME10+MF10+MG10+MH10+(MI10+((MJ10*$F10)/$H10)+MM10))*$L10 -> 0 | MR10: =MQ10-MN10 -> 0 | MS10: =MN10 -> 0 | ND10: =(NC10*F10)/H10 -> 0 | NE10: =IF(E10=0,0,SUMIF('Cocktail (December 2025)'!$F$6:$DB$1547,E10,'Cocktail (December 2025)'!$BQ$6:$BQ$1547)) -> 0 | NF10: =NE10/H10 -> 0 | NG10: =MS10+MT10+MU10+MV10-MW10-MX10-MY10-MZ10-NA10-NB10-ND10-NF10 -> 0 | NH10: =NG10*H10 -> 0 | NI10: =(MX10+MY10+MZ10+NA10+(NB10+((NC10*$F10)/$H10)+NF10))*$L10 -> 0 | NK10: =NJ10-NG10 -> 0 | NL10: =NG10 -> 0 | NW10: =(NV10*F10)/H10 -> 0 | NX10: =IF(E10=0,0,SUMIF('Cocktail (December 2025)'!$F$6:$DB$1547,E10,'Cocktail (December 2025)'!$BT$6:$BT$1547)) -> 0 | NY10: =NX10/H10 -> 0 | NZ10: =NL10+NM10+NN10+NO10-NP10-NQ10-NR10-NS10-NT10-NU10-NW10-NY10 -> 0 | OA10: =NZ10*H10 -> 0 | OB10: =(NQ10+NR10+NS10+NT10+(NU10+((NV10*$F10)/$H10)+NY10))*$L10 -> 0 | OD10: =OC10-NZ10 -> 0 | OE10: =NZ10 -> 0 | OP10: =(OO10*F10)/H10 -> 0 | OQ10: =IF(E10=0,0,SUMIF('Cocktail (December 2025)'!$F$6:$DB$1547,E10,'Cocktail (December 2025)'!$BW$6:$BW$1547)) -> 0 | OR10: =OQ10/H10 -> 0 | OS10: =OE10+OF10+OG10+OH10-OI10-OJ10-OK10-OL10-OM10-ON10-OP10-OR10 -> 0 | OT10: =OS10*H10 -> 0 | OU10: =(OJ10+OK10+OL10+OM10+(ON10+((OO10*$F10)/$H10)+OR10))*$L10 -> 0 | OW10: =OV10-OS10 -> 0 | OX10: =OS10 -> 0 | PI10: =(PH10*F10)/H10 -> 0 | PJ10: =IF(E10=0,0,SUMIF('Cocktail (December 2025)'!$F$6:$DB$1547,E10,'Cocktail (December 2025)'!$BZ$6:$BZ$1547)) -> 0 | PK10: =PJ10/H10 -> 0 | PL10: =OX10+OY10+OZ10+PA10-PB10-PC10-PD10-PE10-PF10-PG10-PI10-PK10 -> 0 | PM10: =PL10*H10 -> 0 | PN10: =(PC10+PD10+PE10+PF10+(PG10+((PH10*$F10)/$H10)+PK10))*$L10 -> 0 | PP10: =PO10-PL10 -> 0 | PQ10: =PL10 -> 0 | QB10: =(QA10*F10)/H10 -> 0 | QC10: =IF(E10=0,0,SUMIF('Cocktail (December 2025)'!$F$6:$DB$1547,E10,'Cocktail (December 2025)'!$CC$6:$CC$1547)) -> 0 | QD10: =QC10/H10 -> 0 | QE10: =PQ10+PR10+PS10+PT10-PU10-PV10-PW10-PX10-PY10-PZ10-QB10-QD10 -> 0 | QF10: =QE10*H10 -> 0 | QG10: =(PV10+PW10+PX10+PY10+(PZ10+((QA10*$F10)/$H10)+QD10))*$L10 -> 0 | QI10: =QH10-QE10 -> 0 | QJ10: =QE10 -> 0 | QU10: =(QT10*F10)/H10 -> 0 | QV10: =IF(E10=0,0,SUMIF('Cocktail (December 2025)'!$F$6:$DB$1547,E10,'Cocktail (December 2025)'!$CF$6:$CF$1547)) -> 0 | QW10: =QV10/H10 -> 0 | QX10: =QJ10+QK10+QL10+QM10-QN10-QO10-QP10-QQ10-QR10-QS10-QU10-QW10 -> 0 | QY10: =QX10*H10 -> 0 | QZ10: =(QO10+QP10+QQ10+QR10+(QS10+((QT10*$F10)/$H10)+QW10))*$L10 -> 0 | RB10: =RA10-QX10 -> 0 | RC10: =QX10 -> 0 | RN10: =(RM10*F10)/H10 -> 0 | RO10: =IF(E10=0,0,SUMIF('Cocktail (December 2025)'!$F$6:$DB$1547,E10,'Cocktail (December 2025)'!$CI$6:$CI$1547)) -> 0 | RP10: =RO10/H10 -> 0 | RQ10: =RC10+RD10+RE10+RF10-RG10-RH10-RI10-RJ10-RK10-RL10-RN10-RP10 -> 0 | RR10: =RQ10*H10 -> 0 | RS10: =(RH10+RI10+RJ10+RK10+(RL10+((RM10*$F10)/$H10)+RP10))*$L10 -> 0 | RU10: =RT10-RQ10 -> 0 | RV10: =RQ10 -> 0 | SG10: =(SF10*F10)/H10 -> 0 | SH10: =IF(E10=0,0,SUMIF('Cocktail (December 2025)'!$F$6:$DB$1547,E10,'Cocktail (December 2025)'!$CL$6:$CL$1547)) -> 0 | SI10: =SH10/H10 -> 0 | SJ10: =RV10+RW10+RX10+RY10-RZ10-SA10-SB10-SC10-SD10-SE10-SG10-SI10 -> 0 | SK10: =SJ10*H10 -> 0 | SL10: =(SA10+SB10+SC10+SD10+(SE10+((SF10*$F10)/$H10)+SI10))*$L10 -> 0 | SN10: =SM10-SJ10 -> 0 | SO10: =SJ10 -> 0 | SZ10: =(SY10*F10)/H10 -> 0 | TA10: =IF(E10=0,0,SUMIF('Cocktail (December 2025)'!$F$6:$DB$1547,E10,'Cocktail (December 2025)'!$CO$6:$CO$1547)) -> 0 | TB10: =TA10/H10 -> 0 | TC10: =SO10+SP10+SQ10+SR10-SS10-ST10-SU10-SV10-SW10-SX10-SZ10-TB10 -> 0 | TD10: =TC10*H10 -> 0 | TE10: =(ST10+SU10+SV10+SW10+(SX10+((SY10*$F10)/$H10)+TB10))*$L10 -> 0 | TG10: =TF10-TC10 -> 0 | TH10: =TC10 -> 0 | TS10: =(TR10*F10)/H10 -> 0 | TT10: =IF(E10=0,0,SUMIF('Cocktail (December 2025)'!$F$6:$DB$1547,E10,'Cocktail (December 2025)'!$CR$6:$CR$1547)) -> 0 | TU10: =TT10/H10 -> 0 | TV10: =TH10+TI10+TJ10+TK10-TL10-TM10-TN10-TO10-TP10-TQ10-TS10-TU10 -> 0 | TW10: =TV10*H10 -> 0 | TX10: =(TM10+TN10+TO10+TP10+(TQ10+((TR10*$F10)/$H10)+TU10))*$L10 -> 0 | TZ10: =TY10-TV10 -> 0 | UA10: =TV10 -> 0 | UL10: =(UK10*F10)/H10 -> 0 | UM10: =IF(E10=0,0,SUMIF('Cocktail (December 2025)'!$F$6:$DB$1547,E10,'Cocktail (December 2025)'!$CU$6:$CU$1547)) -> 0 | UN10: =UM10/H10 -> 0 | UO10: =UA10+UB10+UC10+UD10-UE10-UF10-UG10-UH10-UI10-UJ10-UL10-UN10 -> 0 | UP10: =UO10*H10 -> 0 | UQ10: =(UF10+UG10+UH10+UI10+(UJ10+((UK10*$F10)/$H10)+UN10))*$L10 -> 0 | US10: =UR10-UO10 -> 0 | UT10: =UO10 -> 0 | VE10: =(VD10*F10)/H10 -> 0 | VF10: =IF(E10=0,0,SUMIF('Cocktail (December 2025)'!$F$6:$DB$1547,E10,'Cocktail (December 2025)'!$CX$6:$CX$1547)) -> 0 | VG10: =VF10/H10 -> 0 | VH10: =UT10+UU10+UV10+UW10-UX10-UY10-UZ10-VA10-VB10-VC10-VE10-VG10 -> 0 | VI10: =VH10*H10 -> 0 | VJ10: =(UY10+UZ10+VA10+VB10+(VC10+((VD10*$F10)/$H10)+VG10))*$L10 -> 0 | VL10: =VK10-VH10 -> 0 | VM10: =VH10 -> 0 | VX10: =(VW10*F10)/H10 -> 0 | VY10: =IF(E10=0,0,SUMIF('Cocktail (December 2025)'!$F$6:$DB$1547,E10,'Cocktail (December 2025)'!$DA$6:$DA$1547)) -> 0 | VZ10: =VY10/H10 -> 0 | WA10: =VM10+VN10+VO10+VP10-VQ10-VR10-VS10-VT10-VU10-VV10-VX10-VZ10 -> 0 | WB10: =WA10*H10 -> 0 | WC10: =(VR10+VS10+VT10+VU10+(VV10+((VW10*$F10)/$H10)+VZ10))*$L10 -> 0 | WE10: =WD10-WA10 -> 0 | WF10: X | WG10: =O10 -> 0 | WH10: =P10+AI10+BB10+BU10+CN10+DG10+DZ10+ES10+FL10+GE10+GX10+HQ10+IJ10+JC10+JV10+KO10+LH10+MA10+MT10+NM10+OF10+OY10+PR10+QK10+RD10+RW10+SP10+TI10+UB10+UU10+VN10 -> 0 | WI10: =Q10+AJ10+BC10+BV10+CO10+DH10+EA10+ET10+FM10+GF10+GY10+HR10+IK10+JD10+JW10+KP10+LI10+MB10+MU10+NN10+OG10+OZ10+PS10+QL10+RE10+RX10+SQ10+TJ10+UC10+UV10+VO10 -> 0 | WJ10: =R10+AK10+BD10+BW10+CP10+DI10+EB10+EU10+FN10+GG10+GZ10+HS10+IL10+JE10+JX10+KQ10+LJ10+MC10+MV10+NO10+OH10+PA10+PT10+QM10+RF10+RY10+SR10+TK10+UD10+UW10+VP10 -> 0 | WK10: =S10+AL10+BE10+BX10+CQ10+DJ10+EC10+EV10+FO10+GH10+HA10+HT10+IM10+JF10+JY10+KR10+LK10+MD10+MW10+NP10+OI10+PB10+PU10+QN10+RG10+RZ10+SS10+TL10+UE10+UX10+VQ10 -> 0 | WL10: =T10+AM10+BF10+BY10+CR10+DK10+ED10+EW10+FP10+GI10+HB10+HU10+IN10+JG10+JZ10+KS10+LL10+ME10+MX10+NQ10+OJ10+PC10+PV10+QO10+RH10+SA10+ST10+TM10+UF10+UY10+VR10 -> 0 | WM10: =U10+AN10+BG10+BZ10+CS10+DL10+EE10++EX10+FQ10+GJ10+HC10+HV10+IO10+JH10+KA10+KT10+LM10+MF10+MY10+NR10+OK10+PD10+PW10+QP10+RI10+SB10+SU10+TN10+UG10+UZ10+VS10 -> 0 | WN10: =V10+AO10+BH10+CA10+CT10+DM10+EF10+EY10+FR10+GK10+HD10+HW10+IP10+JI10+KB10+KU10+LN10+MG10+MZ10+NS10+OL10+PE10+PX10+QQ10+RJ10+SC10+SV10+TO10+UH10+VA10+VT10 -> 0 | WO10: =W10+AP10+BI10+CB10+CU10+DN10+EG10+EZ10+FS10+GL10+HE10+HX10+IQ10+JJ10+KC10+KV10+LO10+MH10+NA10+NT10+OM10+PF10+PY10+QR10+RK10+SD10+SW10+TP10+UI10+VB10+VU10 -> 0 | WP10: =X10+AQ10+BJ10+CC10+CV10+DO10+EH10+FA10+FT10+GM10+HF10+HY10+IR10+JK10+KD10+KW10+LP10+MI10+NB10+NU10+ON10+PG10+PZ10+QS10+RL10+SE10+SX10+TQ10+UJ10+VC10+VV10 -> 0 | WQ10: =Y10+AR10+BK10+CD10+CW10+DP10+EI10+FB10+FU10+GN10+HG10+HZ10+IS10+JL10+KE10+KX10+LQ10+MJ10+NC10+NV10+OO10+PH10+QA10+QT10+RM10+SF10+SY10+TR10+UK10+VD10+VW10 -> 0 | WR10: =Z10+AS10+BL10+CE10+CX10+DQ10+EJ10+FC10+FV10+GO10+HH10+IA10+IT10+JM10+KF10+KY10+LR10+MK10+ND10+NW10+OP10+PI10+QB10+QU10+RN10+SG10+SZ10+TS10+UL10+VE10+VX10 -> 0 | WS10: =AB10+AU10+BN10+CG10+CZ10+DS10+EL10+FE10+FX10+GQ10+HJ10+IC10+IV10+JO10+KH10+LA10+LT10+MM10+NF10+NY10+OR10+PK10+QD10+QW10+RP10+SI10+TB10+TU10+UN10+VG10+VZ10 -> 0 | WT10: =WA10 -> 0 | WU10: =WB10 -> 0 | WW10: =WV10-WT10 -> 0 | WX10: =WV10/F10 -> 0
A11: =IFERROR(IF(WU11=0,"-","Y"),"-") -> - | C11: 28 | D11: 4 | E11: JW Gold Label Reserve 750 ml | F11: =IF(E11="","",IF(VLOOKUP(E11,'Master Data (December 2025)'!$B$10:$N$857,1)=E11,VLOOKUP(E11,'Master Data (December 2025)'!$B$10:$N$857,6),"XX")) -> 1 | H11: =IF(E11="","",IF(VLOOKUP(E11,'Master Data (December 2025)'!$B$10:$N$857,1)=E11,VLOOKUP(E11,'Master Data (December 2025)'!$B$10:$N$857,8),"XX")) -> 24 | J11: =IF(E11="","",IF(VLOOKUP(E11,'Master Data (December 2025)'!$B$10:$N$857,1)=E11,VLOOKUP(E11,'Master Data (December 2025)'!$B$10:$N$857,3),"XX")) -> สมภพ,อมฤต | K11: =IF(E11="","",IF(VLOOKUP(E11,'Master Data (December 2025)'!$B$10:$N$857,1)=E11,VLOOKUP(E11,'Master Data (December 2025)'!$B$10:$N$857,5),"XX")) -> Btl 750 ml | L11: =IF(E11="","",IF(VLOOKUP(E11,'Master Data (December 2025)'!$B$10:$N$857,1)=E11,VLOOKUP(E11,'Master Data (December 2025)'!$B$10:$N$857,11),"XX")) -> 932 | M11: =IF(E11="","",IF(VLOOKUP(E11,'Master Data (December 2025)'!$B$10:$N$857,1)=E11,VLOOKUP(E11,'Master Data (December 2025)'!$B$10:$N$857,13),"XX")) -> 38.833333 | O11: =N11 -> 0 | Z11: =(Y11*F11)/H11 -> 0 | AA11: =IF(E11=0,0,SUMIF('Cocktail (December 2025)'!$F$6:$DB$1547,E11,'Cocktail (December 2025)'!$O$6:$O$1547)) -> 0 | AB11: =AA11/H11 -> 0 | AC11: =O11+P11+Q11+R11-S11-T11-U11-V11-W11-X11-Z11-AB11 -> 0 | AD11: =AC11*H11 -> 0 | AE11: =(T11+U11+V11+W11+(X11+((Y11*$F11)/$H11)+AB11))*$L11 -> 0 | AG11: =AF11-AC11 -> 0 | AH11: =IF(AF11="",AC11,IF(AF11<>0,AF11,0)) -> 0 | AS11: =(AR11*F11)/H11 -> 0 | AT11: =IF(E11=0,0,SUMIF('Cocktail (December 2025)'!$F$6:$DB$1547,E11,'Cocktail (December 2025)'!$R$6:$R$1547)) -> 0 | AU11: =AT11/H11 -> 0 | AV11: =AH11+AI11+AJ11+AK11-AL11-AM11-AN11-AO11-AP11-AQ11-AS11-AU11 -> 0 | AW11: =AV11*H11 -> 0 | AX11: =(AM11+AN11+AO11+AP11+(AQ11+((AR11*$F11)/$H11)+AU11))*$L11 -> 0 | AZ11: =AY11-AV11 -> 0 | BA11: =AV11 -> 0 | BL11: =(BK11*F11)/H11 -> 0 | BM11: =IF(E11=0,0,SUMIF('Cocktail (December 2025)'!$F$6:$DB$1547,E11,'Cocktail (December 2025)'!$U$6:$U$1547)) -> 0 | BN11: =BM11/H11 -> 0 | BO11: =BA11+BB11+BC11+BD11-BE11-BF11-BG11-BH11-BI11-BJ11-BL11-BN11 -> 0 | BP11: =BO11*H11 -> 0 | BQ11: =(BF11+BG11+BH11+BI11+(BJ11+((BK11*$F11)/$H11)+BN11))*$L11 -> 0 | BS11: =BR11-BO11 -> 0 | BT11: =BO11 -> 0 | CE11: =(CD11*F11)/H11 -> 0 | CF11: =IF(E11=0,0,SUMIF('Cocktail (December 2025)'!$F$6:$DB$1547,E11,'Cocktail (December 2025)'!$X$6:$X$1547)) -> 0 | CG11: =CF11/H11 -> 0 | CH11: =BT11+BU11+BV11+BW11-BX11-BY11-BZ11-CA11-CB11-CC11-CE11-CG11 -> 0 | CI11: =CH11*H11 -> 0 | CJ11: =(BY11+BZ11+CA11+CB11+(CC11+((CD11*$F11)/$H11)+CG11))*$L11 -> 0 | CL11: =CK11-CH11 -> 0 | CM11: =CH11 -> 0 | CX11: =(CW11*F11)/H11 -> 0 | CY11: =IF(E11=0,0,SUMIF('Cocktail (December 2025)'!$F$6:$DB$1547,E11,'Cocktail (December 2025)'!$AA$6:$AA$1547)) -> 0 | CZ11: =CY11/H11 -> 0 | DA11: =CM11+CN11+CO11+CP11-CQ11-CR11-CS11-CT11-CU11-CV11-CX11-CZ11 -> 0 | DB11: =DA11*H11 -> 0 | DC11: =(CR11+CS11+CT11+CU11+(CV11+((CW11*$F11)/$H11)+CZ11))*$L11 -> 0 | DE11: =DD11-DA11 -> 0 | DF11: =DA11 -> 0 | DQ11: =(DP11*F11)/H11 -> 0 | DR11: =IF(E11=0,0,SUMIF('Cocktail (December 2025)'!$F$6:$DB$1547,E11,'Cocktail (December 2025)'!$AD$6:$AD$1547)) -> 0 | DS11: =DR11/H11 -> 0 | DT11: =DF11+DG11+DH11+DI11-DJ11-DK11-DL11-DM11-DN11-DO11-DQ11-DS11 -> 0 | DU11: =DT11*H11 -> 0 | DV11: =(DK11+DL11+DM11+DN11+(DO11+((DP11*$F11)/$H11)+DS11))*$L11 -> 0 | DX11: =DW11-DT11 -> 0 | DY11: =DT11 -> 0 | EJ11: =(EI11*F11)/H11 -> 0 | EK11: =IF(E11=0,0,SUMIF('Cocktail (December 2025)'!$F$6:$DB$1547,E11,'Cocktail (December 2025)'!$AG$6:$AG$1547)) -> 0 | EL11: =EK11/H11 -> 0 | EM11: =DY11+DZ11+EA11+EB11-EC11-ED11-EE11-EF11-EG11-EH11-EJ11-EL11 -> 0 | EN11: =EM11*H11 -> 0 | EO11: =(ED11+EE11+EF11+EG11+(EH11+((EI11*$F11)/$H11)+EL11))*$L11 -> 0 | EQ11: =EP11-EM11 -> 0 | ER11: =EM11 -> 0 | FC11: =(FB11*F11)/H11 -> 0 | FD11: =IF(E11=0,0,SUMIF('Cocktail (December 2025)'!$F$6:$DB$1547,E11,'Cocktail (December 2025)'!$AJ$6:$AJ$1547)) -> 0 | FE11: =FD11/H11 -> 0 | FF11: =ER11+ES11+ET11+EU11-EV11-EW11-EX11-EY11-EZ11-FA11-FC11-FE11 -> 0 | FG11: =FF11*H11 -> 0 | FH11: =(EW11+EX11+EY11+EZ11+(FA11+((FB11*$F11)/$H11)+FE11))*$L11 -> 0 | FJ11: =FI11-FF11 -> 0 | FK11: =FF11 -> 0 | FV11: =(FU11*F11)/H11 -> 0 | FW11: =IF(E11=0,0,SUMIF('Cocktail (December 2025)'!$F$6:$DB$1547,E11,'Cocktail (December 2025)'!$AM$6:$AM$1547)) -> 0 | FX11: =FW11/H11 -> 0 | FY11: =FK11+FL11+FM11+FN11-FO11-FP11-FQ11-FR11-FS11-FT11-FV11-FX11 -> 0 | FZ11: =FY11*H11 -> 0 | GA11: =(FP11+FQ11+FR11+FS11+(FT11+((FU11*$F11)/$H11)+FX11))*$L11 -> 0 | GC11: =GB11-FY11 -> 0 | GD11: =FY11 -> 0 | GO11: =(GN11*F11)/H11 -> 0 | GP11: =IF(E11=0,0,SUMIF('Cocktail (December 2025)'!$F$6:$DB$1547,E11,'Cocktail (December 2025)'!$AP$6:$AP$1547)) -> 0 | GQ11: =GP11/H11 -> 0 | GR11: =GD11+GE11+GF11+GG11-GH11-GI11-GJ11-GK11-GL11-GM11-GO11-GQ11 -> 0 | GS11: =GR11*H11 -> 0 | GT11: =(GI11+GJ11+GK11+GL11+(GM11+((GN11*$F11)/$H11)+GQ11))*$L11 -> 0 | GV11: =GU11-GR11 -> 0 | GW11: =GR11 -> 0 | HH11: =(HG11*F11)/H11 -> 0 | HI11: =IF(E11=0,0,SUMIF('Cocktail (December 2025)'!$F$6:$DB$1547,E11,'Cocktail (December 2025)'!$AS$6:$AS$1547)) -> 0 | HJ11: =HI11/H11 -> 0 | HK11: =GW11+GX11+GY11+GZ11-HA11-HB11-HC11-HD11-HE11-HF11-HH11-HJ11 -> 0 | HL11: =HK11*H11 -> 0 | HM11: =(HB11+HC11+HD11+HE11+(HF11+((HG11*$F11)/$H11)+HJ11))*$L11 -> 0 | HO11: =HN11-HK11 -> 0 | HP11: =HK11 -> 0 | IA11: =(HZ11*F11)/H11 -> 0 | IB11: =IF(E11=0,0,SUMIF('Cocktail (December 2025)'!$F$6:$DB$1547,E11,'Cocktail (December 2025)'!$AV$6:$AV$1547)) -> 0 | IC11: =IB11/H11 -> 0 | ID11: =HP11+HQ11+HR11+HS11-HT11-HU11-HV11-HW11-HX11-HY11-IA11-IC11 -> 0 | IE11: =ID11*H11 -> 0 | IF11: =(HU11+HV11+HW11+HX11+(HY11+((HZ11*$F11)/$H11)+IC11))*$L11 -> 0 | IH11: =IG11-ID11 -> 0 | II11: =ID11 -> 0 | IT11: =(IS11*F11)/H11 -> 0 | IU11: =IF(E11=0,0,SUMIF('Cocktail (December 2025)'!$F$6:$DB$1547,E11,'Cocktail (December 2025)'!$AY$6:$AY$1547)) -> 0 | IV11: =IU11/H11 -> 0 | IW11: =II11+IJ11+IK11+IL11-IM11-IN11-IO11-IP11-IQ11-IR11-IT11-IV11 -> 0 | IX11: =IW11*H11 -> 0 | IY11: =(IN11+IO11+IP11+IQ11+(IR11+((IS11*$F11)/$H11)+IV11))*$L11 -> 0 | JA11: =IZ11-IW11 -> 0 | JB11: =IW11 -> 0 | JM11: =(JL11*F11)/H11 -> 0 | JN11: =IF(E11=0,0,SUMIF('Cocktail (December 2025)'!$F$6:$DB$1547,E11,'Cocktail (December 2025)'!$BB$6:$BB$1547)) -> 0 | JO11: =JN11/H11 -> 0 | JP11: =JB11+JC11+JD11+JE11-JF11-JG11-JH11-JI11-JJ11-JK11-JM11-JO11 -> 0 | JQ11: =JP11*H11 -> 0 | JR11: =(JG11+JH11+JI11+JJ11+(JK11+((JL11*$F11)/$H11)+JO11))*$L11 -> 0 | JT11: =JS11-JP11 -> 0 | JU11: =JP11 -> 0 | KF11: =(KE11*F11)/H11 -> 0 | KG11: =IF(E11=0,0,SUMIF('Cocktail (December 2025)'!$F$6:$DB$1547,E11,'Cocktail (December 2025)'!$BE$6:$BE$1547)) -> 0 | KH11: =KG11/H11 -> 0 | KI11: =JU11+JV11+JW11+JX11-JY11-JZ11-KA11-KB11-KC11-KD11-KF11-KH11 -> 0 | KJ11: =KI11*H11 -> 0 | KK11: =(JZ11+KA11+KB11+KC11+(KD11+((KE11*$F11)/$H11)+KH11))*$L11 -> 0 | KM11: =KL11-KI11 -> 0 | KN11: =KI11 -> 0 | KY11: =(KX11*F11)/H11 -> 0 | KZ11: =IF(E11=0,0,SUMIF('Cocktail (December 2025)'!$F$6:$DB$1547,E11,'Cocktail (December 2025)'!$BH$6:$BH$1547)) -> 0 | LA11: =KZ11/H11 -> 0 | LB11: =KN11+KO11+KP11+KQ11-KR11-KS11-KT11-KU11-KV11-KW11-KY11-LA11 -> 0 | LC11: =LB11*H11 -> 0 | LD11: =(KS11+KT11+KU11+KV11+(KW11+((KX11*$F11)/$H11)+LA11))*$L11 -> 0 | LF11: =LE11-LB11 -> 0 | LG11: =LB11 -> 0 | LR11: =(LQ11*F11)/H11 -> 0 | LS11: =IF(E11=0,0,SUMIF('Cocktail (December 2025)'!$F$6:$DB$1547,E11,'Cocktail (December 2025)'!$BK$6:$BK$1547)) -> 0 | LT11: =LS11/H11 -> 0 | LU11: =LG11+LH11+LI11+LJ11-LK11-LL11-LM11-LN11-LO11-LP11-LR11-LT11 -> 0 | LV11: =LU11*H11 -> 0 | LW11: =(LL11+LM11+LN11+LO11+(LP11+((LQ11*$F11)/$H11)+LT11))*$L11 -> 0 | LY11: =LX11-LU11 -> 0 | LZ11: =LU11 -> 0 | MK11: =(MJ11*F11)/H11 -> 0 | ML11: =IF(E11=0,0,SUMIF('Cocktail (December 2025)'!$F$6:$DB$1547,E11,'Cocktail (December 2025)'!$BN$6:$BN$1547)) -> 0 | MM11: =ML11/H11 -> 0 | MN11: =LZ11+MA11+MB11+MC11-MD11-ME11-MF11-MG11-MH11-MI11-MK11-MM11 -> 0 | MO11: =MN11*H11 -> 0 | MP11: =(ME11+MF11+MG11+MH11+(MI11+((MJ11*$F11)/$H11)+MM11))*$L11 -> 0 | MR11: =MQ11-MN11 -> 0 | MS11: =MN11 -> 0 | ND11: =(NC11*F11)/H11 -> 0 | NE11: =IF(E11=0,0,SUMIF('Cocktail (December 2025)'!$F$6:$DB$1547,E11,'Cocktail (December 2025)'!$BQ$6:$BQ$1547)) -> 0 | NF11: =NE11/H11 -> 0 | NG11: =MS11+MT11+MU11+MV11-MW11-MX11-MY11-MZ11-NA11-NB11-ND11-NF11 -> 0 | NH11: =NG11*H11 -> 0 | NI11: =(MX11+MY11+MZ11+NA11+(NB11+((NC11*$F11)/$H11)+NF11))*$L11 -> 0 | NK11: =NJ11-NG11 -> 0 | NL11: =NG11 -> 0 | NW11: =(NV11*F11)/H11 -> 0 | NX11: =IF(E11=0,0,SUMIF('Cocktail (December 2025)'!$F$6:$DB$1547,E11,'Cocktail (December 2025)'!$BT$6:$BT$1547)) -> 0 | NY11: =NX11/H11 -> 0 | NZ11: =NL11+NM11+NN11+NO11-NP11-NQ11-NR11-NS11-NT11-NU11-NW11-NY11 -> 0 | OA11: =NZ11*H11 -> 0 | OB11: =(NQ11+NR11+NS11+NT11+(NU11+((NV11*$F11)/$H11)+NY11))*$L11 -> 0 | OD11: =OC11-NZ11 -> 0 | OE11: =NZ11 -> 0 | OP11: =(OO11*F11)/H11 -> 0 | OQ11: =IF(E11=0,0,SUMIF('Cocktail (December 2025)'!$F$6:$DB$1547,E11,'Cocktail (December 2025)'!$BW$6:$BW$1547)) -> 0 | OR11: =OQ11/H11 -> 0 | OS11: =OE11+OF11+OG11+OH11-OI11-OJ11-OK11-OL11-OM11-ON11-OP11-OR11 -> 0 | OT11: =OS11*H11 -> 0 | OU11: =(OJ11+OK11+OL11+OM11+(ON11+((OO11*$F11)/$H11)+OR11))*$L11 -> 0 | OW11: =OV11-OS11 -> 0 | OX11: =OS11 -> 0 | PI11: =(PH11*F11)/H11 -> 0 | PJ11: =IF(E11=0,0,SUMIF('Cocktail (December 2025)'!$F$6:$DB$1547,E11,'Cocktail (December 2025)'!$BZ$6:$BZ$1547)) -> 0 | PK11: =PJ11/H11 -> 0 | PL11: =OX11+OY11+OZ11+PA11-PB11-PC11-PD11-PE11-PF11-PG11-PI11-PK11 -> 0 | PM11: =PL11*H11 -> 0 | PN11: =(PC11+PD11+PE11+PF11+(PG11+((PH11*$F11)/$H11)+PK11))*$L11 -> 0 | PP11: =PO11-PL11 -> 0 | PQ11: =PL11 -> 0 | QB11: =(QA11*F11)/H11 -> 0 | QC11: =IF(E11=0,0,SUMIF('Cocktail (December 2025)'!$F$6:$DB$1547,E11,'Cocktail (December 2025)'!$CC$6:$CC$1547)) -> 0 | QD11: =QC11/H11 -> 0 | QE11: =PQ11+PR11+PS11+PT11-PU11-PV11-PW11-PX11-PY11-PZ11-QB11-QD11 -> 0 | QF11: =QE11*H11 -> 0 | QG11: =(PV11+PW11+PX11+PY11+(PZ11+((QA11*$F11)/$H11)+QD11))*$L11 -> 0 | QI11: =QH11-QE11 -> 0 | QJ11: =QE11 -> 0 | QU11: =(QT11*F11)/H11 -> 0 | QV11: =IF(E11=0,0,SUMIF('Cocktail (December 2025)'!$F$6:$DB$1547,E11,'Cocktail (December 2025)'!$CF$6:$CF$1547)) -> 0 | QW11: =QV11/H11 -> 0 | QX11: =QJ11+QK11+QL11+QM11-QN11-QO11-QP11-QQ11-QR11-QS11-QU11-QW11 -> 0 | QY11: =QX11*H11 -> 0 | QZ11: =(QO11+QP11+QQ11+QR11+(QS11+((QT11*$F11)/$H11)+QW11))*$L11 -> 0 | RB11: =RA11-QX11 -> 0 | RC11: =QX11 -> 0 | RN11: =(RM11*F11)/H11 -> 0 | RO11: =IF(E11=0,0,SUMIF('Cocktail (December 2025)'!$F$6:$DB$1547,E11,'Cocktail (December 2025)'!$CI$6:$CI$1547)) -> 0 | RP11: =RO11/H11 -> 0 | RQ11: =RC11+RD11+RE11+RF11-RG11-RH11-RI11-RJ11-RK11-RL11-RN11-RP11 -> 0 | RR11: =RQ11*H11 -> 0 | RS11: =(RH11+RI11+RJ11+RK11+(RL11+((RM11*$F11)/$H11)+RP11))*$L11 -> 0 | RU11: =RT11-RQ11 -> 0 | RV11: =RQ11 -> 0 | SG11: =(SF11*F11)/H11 -> 0 | SH11: =IF(E11=0,0,SUMIF('Cocktail (December 2025)'!$F$6:$DB$1547,E11,'Cocktail (December 2025)'!$CL$6:$CL$1547)) -> 0 | SI11: =SH11/H11 -> 0 | SJ11: =RV11+RW11+RX11+RY11-RZ11-SA11-SB11-SC11-SD11-SE11-SG11-SI11 -> 0 | SK11: =SJ11*H11 -> 0 | SL11: =(SA11+SB11+SC11+SD11+(SE11+((SF11*$F11)/$H11)+SI11))*$L11 -> 0 | SN11: =SM11-SJ11 -> 0 | SO11: =SJ11 -> 0 | SZ11: =(SY11*F11)/H11 -> 0 | TA11: =IF(E11=0,0,SUMIF('Cocktail (December 2025)'!$F$6:$DB$1547,E11,'Cocktail (December 2025)'!$CO$6:$CO$1547)) -> 0 | TB11: =TA11/H11 -> 0 | TC11: =SO11+SP11+SQ11+SR11-SS11-ST11-SU11-SV11-SW11-SX11-SZ11-TB11 -> 0 | TD11: =TC11*H11 -> 0 | TE11: =(ST11+SU11+SV11+SW11+(SX11+((SY11*$F11)/$H11)+TB11))*$L11 -> 0 | TG11: =TF11-TC11 -> 0 | TH11: =TC11 -> 0 | TS11: =(TR11*F11)/H11 -> 0 | TT11: =IF(E11=0,0,SUMIF('Cocktail (December 2025)'!$F$6:$DB$1547,E11,'Cocktail (December 2025)'!$CR$6:$CR$1547)) -> 0 | TU11: =TT11/H11 -> 0 | TV11: =TH11+TI11+TJ11+TK11-TL11-TM11-TN11-TO11-TP11-TQ11-TS11-TU11 -> 0 | TW11: =TV11*H11 -> 0 | TX11: =(TM11+TN11+TO11+TP11+(TQ11+((TR11*$F11)/$H11)+TU11))*$L11 -> 0 | TZ11: =TY11-TV11 -> 0 | UA11: =TV11 -> 0 | UL11: =(UK11*F11)/H11 -> 0 | UM11: =IF(E11=0,0,SUMIF('Cocktail (December 2025)'!$F$6:$DB$1547,E11,'Cocktail (December 2025)'!$CU$6:$CU$1547)) -> 0 | UN11: =UM11/H11 -> 0 | UO11: =UA11+UB11+UC11+UD11-UE11-UF11-UG11-UH11-UI11-UJ11-UL11-UN11 -> 0 | UP11: =UO11*H11 -> 0 | UQ11: =(UF11+UG11+UH11+UI11+(UJ11+((UK11*$F11)/$H11)+UN11))*$L11 -> 0 | US11: =UR11-UO11 -> 0 | UT11: =UO11 -> 0 | VE11: =(VD11*F11)/H11 -> 0 | VF11: =IF(E11=0,0,SUMIF('Cocktail (December 2025)'!$F$6:$DB$1547,E11,'Cocktail (December 2025)'!$CX$6:$CX$1547)) -> 0 | VG11: =VF11/H11 -> 0 | VH11: =UT11+UU11+UV11+UW11-UX11-UY11-UZ11-VA11-VB11-VC11-VE11-VG11 -> 0 | VI11: =VH11*H11 -> 0 | VJ11: =(UY11+UZ11+VA11+VB11+(VC11+((VD11*$F11)/$H11)+VG11))*$L11 -> 0 | VL11: =VK11-VH11 -> 0 | VM11: =VH11 -> 0 | VX11: =(VW11*F11)/H11 -> 0 | VY11: =IF(E11=0,0,SUMIF('Cocktail (December 2025)'!$F$6:$DB$1547,E11,'Cocktail (December 2025)'!$DA$6:$DA$1547)) -> 0 | VZ11: =VY11/H11 -> 0 | WA11: =VM11+VN11+VO11+VP11-VQ11-VR11-VS11-VT11-VU11-VV11-VX11-VZ11 -> 0 | WB11: =WA11*H11 -> 0 | WC11: =(VR11+VS11+VT11+VU11+(VV11+((VW11*$F11)/$H11)+VZ11))*$L11 -> 0 | WE11: =WD11-WA11 -> 0 | WF11: X | WG11: =O11 -> 0 | WH11: =P11+AI11+BB11+BU11+CN11+DG11+DZ11+ES11+FL11+GE11+GX11+HQ11+IJ11+JC11+JV11+KO11+LH11+MA11+MT11+NM11+OF11+OY11+PR11+QK11+RD11+RW11+SP11+TI11+UB11+UU11+VN11 -> 0 | WI11: =Q11+AJ11+BC11+BV11+CO11+DH11+EA11+ET11+FM11+GF11+GY11+HR11+IK11+JD11+JW11+KP11+LI11+MB11+MU11+NN11+OG11+OZ11+PS11+QL11+RE11+RX11+SQ11+TJ11+UC11+UV11+VO11 -> 0 | WJ11: =R11+AK11+BD11+BW11+CP11+DI11+EB11+EU11+FN11+GG11+GZ11+HS11+IL11+JE11+JX11+KQ11+LJ11+MC11+MV11+NO11+OH11+PA11+PT11+QM11+RF11+RY11+SR11+TK11+UD11+UW11+VP11 -> 0 | WK11: =S11+AL11+BE11+BX11+CQ11+DJ11+EC11+EV11+FO11+GH11+HA11+HT11+IM11+JF11+JY11+KR11+LK11+MD11+MW11+NP11+OI11+PB11+PU11+QN11+RG11+RZ11+SS11+TL11+UE11+UX11+VQ11 -> 0 | WL11: =T11+AM11+BF11+BY11+CR11+DK11+ED11+EW11+FP11+GI11+HB11+HU11+IN11+JG11+JZ11+KS11+LL11+ME11+MX11+NQ11+OJ11+PC11+PV11+QO11+RH11+SA11+ST11+TM11+UF11+UY11+VR11 -> 0 | WM11: =U11+AN11+BG11+BZ11+CS11+DL11+EE11++EX11+FQ11+GJ11+HC11+HV11+IO11+JH11+KA11+KT11+LM11+MF11+MY11+NR11+OK11+PD11+PW11+QP11+RI11+SB11+SU11+TN11+UG11+UZ11+VS11 -> 0 | WN11: =V11+AO11+BH11+CA11+CT11+DM11+EF11+EY11+FR11+GK11+HD11+HW11+IP11+JI11+KB11+KU11+LN11+MG11+MZ11+NS11+OL11+PE11+PX11+QQ11+RJ11+SC11+SV11+TO11+UH11+VA11+VT11 -> 0 | WO11: =W11+AP11+BI11+CB11+CU11+DN11+EG11+EZ11+FS11+GL11+HE11+HX11+IQ11+JJ11+KC11+KV11+LO11+MH11+NA11+NT11+OM11+PF11+PY11+QR11+RK11+SD11+SW11+TP11+UI11+VB11+VU11 -> 0 | WP11: =X11+AQ11+BJ11+CC11+CV11+DO11+EH11+FA11+FT11+GM11+HF11+HY11+IR11+JK11+KD11+KW11+LP11+MI11+NB11+NU11+ON11+PG11+PZ11+QS11+RL11+SE11+SX11+TQ11+UJ11+VC11+VV11 -> 0 | WQ11: =Y11+AR11+BK11+CD11+CW11+DP11+EI11+FB11+FU11+GN11+HG11+HZ11+IS11+JL11+KE11+KX11+LQ11+MJ11+NC11+NV11+OO11+PH11+QA11+QT11+RM11+SF11+SY11+TR11+UK11+VD11+VW11 -> 0 | WR11: =Z11+AS11+BL11+CE11+CX11+DQ11+EJ11+FC11+FV11+GO11+HH11+IA11+IT11+JM11+KF11+KY11+LR11+MK11+ND11+NW11+OP11+PI11+QB11+QU11+RN11+SG11+SZ11+TS11+UL11+VE11+VX11 -> 0 | WS11: =AB11+AU11+BN11+CG11+CZ11+DS11+EL11+FE11+FX11+GQ11+HJ11+IC11+IV11+JO11+KH11+LA11+LT11+MM11+NF11+NY11+OR11+PK11+QD11+QW11+RP11+SI11+TB11+TU11+UN11+VG11+VZ11 -> 0 | WT11: =WA11 -> 0 | WU11: =WB11 -> 0 | WW11: =WV11-WT11 -> 0 | WX11: =WV11/F11 -> 0
A12: =IFERROR(IF(WU12=0,"-","Y"),"-") -> - | C12: 27 | D12: 3 | E12: JW Johnnie Blonde 750 ml | F12: =IF(E12="","",IF(VLOOKUP(E12,'Master Data (December 2025)'!$B$10:$N$857,1)=E12,VLOOKUP(E12,'Master Data (December 2025)'!$B$10:$N$857,6),"XX")) -> 1 | H12: =IF(E12="","",IF(VLOOKUP(E12,'Master Data (December 2025)'!$B$10:$N$857,1)=E12,VLOOKUP(E12,'Master Data (December 2025)'!$B$10:$N$857,8),"XX")) -> 24 | J12: =IF(E12="","",IF(VLOOKUP(E12,'Master Data (December 2025)'!$B$10:$N$857,1)=E12,VLOOKUP(E12,'Master Data (December 2025)'!$B$10:$N$857,3),"XX")) -> สมภพ,อมฤต | K12: =IF(E12="","",IF(VLOOKUP(E12,'Master Data (December 2025)'!$B$10:$N$857,1)=E12,VLOOKUP(E12,'Master Data (December 2025)'!$B$10:$N$857,5),"XX")) -> Btl 750 ml | L12: =IF(E12="","",IF(VLOOKUP(E12,'Master Data (December 2025)'!$B$10:$N$857,1)=E12,VLOOKUP(E12,'Master Data (December 2025)'!$B$10:$N$857,11),"XX")) -> 2168 | M12: =IF(E12="","",IF(VLOOKUP(E12,'Master Data (December 2025)'!$B$10:$N$857,1)=E12,VLOOKUP(E12,'Master Data (December 2025)'!$B$10:$N$857,13),"XX")) -> 90.333333 | O12: =N12 -> 0 | Z12: =(Y12*F12)/H12 -> 0 | AA12: =IF(E12=0,0,SUMIF('Cocktail (December 2025)'!$F$6:$DB$1547,E12,'Cocktail (December 2025)'!$O$6:$O$1547)) -> 0 | AB12: =AA12/H12 -> 0 | AC12: =O12+P12+Q12+R12-S12-T12-U12-V12-W12-X12-Z12-AB12 -> 0 | AD12: =AC12*H12 -> 0 | AE12: =(T12+U12+V12+W12+(X12+((Y12*$F12)/$H12)+AB12))*$L12 -> 0 | AG12: =AF12-AC12 -> 0 | AH12: =IF(AF12="",AC12,IF(AF12<>0,AF12,0)) -> 0 | AS12: =(AR12*F12)/H12 -> 0 | AT12: =IF(E12=0,0,SUMIF('Cocktail (December 2025)'!$F$6:$DB$1547,E12,'Cocktail (December 2025)'!$R$6:$R$1547)) -> 0 | AU12: =AT12/H12 -> 0 | AV12: =AH12+AI12+AJ12+AK12-AL12-AM12-AN12-AO12-AP12-AQ12-AS12-AU12 -> 0 | AW12: =AV12*H12 -> 0 | AX12: =(AM12+AN12+AO12+AP12+(AQ12+((AR12*$F12)/$H12)+AU12))*$L12 -> 0 | AZ12: =AY12-AV12 -> 0 | BA12: =AV12 -> 0 | BL12: =(BK12*F12)/H12 -> 0 | BM12: =IF(E12=0,0,SUMIF('Cocktail (December 2025)'!$F$6:$DB$1547,E12,'Cocktail (December 2025)'!$U$6:$U$1547)) -> 0 | BN12: =BM12/H12 -> 0 | BO12: =BA12+BB12+BC12+BD12-BE12-BF12-BG12-BH12-BI12-BJ12-BL12-BN12 -> 0 | BP12: =BO12*H12 -> 0 | BQ12: =(BF12+BG12+BH12+BI12+(BJ12+((BK12*$F12)/$H12)+BN12))*$L12 -> 0 | BS12: =BR12-BO12 -> 0 | BT12: =BO12 -> 0 | CE12: =(CD12*F12)/H12 -> 0 | CF12: =IF(E12=0,0,SUMIF('Cocktail (December 2025)'!$F$6:$DB$1547,E12,'Cocktail (December 2025)'!$X$6:$X$1547)) -> 0 | CG12: =CF12/H12 -> 0 | CH12: =BT12+BU12+BV12+BW12-BX12-BY12-BZ12-CA12-CB12-CC12-CE12-CG12 -> 0 | CI12: =CH12*H12 -> 0 | CJ12: =(BY12+BZ12+CA12+CB12+(CC12+((CD12*$F12)/$H12)+CG12))*$L12 -> 0 | CL12: =CK12-CH12 -> 0 | CM12: =CH12 -> 0 | CX12: =(CW12*F12)/H12 -> 0 | CY12: =IF(E12=0,0,SUMIF('Cocktail (December 2025)'!$F$6:$DB$1547,E12,'Cocktail (December 2025)'!$AA$6:$AA$1547)) -> 0 | CZ12: =CY12/H12 -> 0 | DA12: =CM12+CN12+CO12+CP12-CQ12-CR12-CS12-CT12-CU12-CV12-CX12-CZ12 -> 0 | DB12: =DA12*H12 -> 0 | DC12: =(CR12+CS12+CT12+CU12+(CV12+((CW12*$F12)/$H12)+CZ12))*$L12 -> 0 | DE12: =DD12-DA12 -> 0 | DF12: =DA12 -> 0 | DQ12: =(DP12*F12)/H12 -> 0 | DR12: =IF(E12=0,0,SUMIF('Cocktail (December 2025)'!$F$6:$DB$1547,E12,'Cocktail (December 2025)'!$AD$6:$AD$1547)) -> 0 | DS12: =DR12/H12 -> 0 | DT12: =DF12+DG12+DH12+DI12-DJ12-DK12-DL12-DM12-DN12-DO12-DQ12-DS12 -> 0 | DU12: =DT12*H12 -> 0 | DV12: =(DK12+DL12+DM12+DN12+(DO12+((DP12*$F12)/$H12)+DS12))*$L12 -> 0 | DX12: =DW12-DT12 -> 0 | DY12: =DT12 -> 0 | EJ12: =(EI12*F12)/H12 -> 0 | EK12: =IF(E12=0,0,SUMIF('Cocktail (December 2025)'!$F$6:$DB$1547,E12,'Cocktail (December 2025)'!$AG$6:$AG$1547)) -> 0 | EL12: =EK12/H12 -> 0 | EM12: =DY12+DZ12+EA12+EB12-EC12-ED12-EE12-EF12-EG12-EH12-EJ12-EL12 -> 0 | EN12: =EM12*H12 -> 0 | EO12: =(ED12+EE12+EF12+EG12+(EH12+((EI12*$F12)/$H12)+EL12))*$L12 -> 0 | EQ12: =EP12-EM12 -> 0 | ER12: =EM12 -> 0 | FC12: =(FB12*F12)/H12 -> 0 | FD12: =IF(E12=0,0,SUMIF('Cocktail (December 2025)'!$F$6:$DB$1547,E12,'Cocktail (December 2025)'!$AJ$6:$AJ$1547)) -> 0 | FE12: =FD12/H12 -> 0 | FF12: =ER12+ES12+ET12+EU12-EV12-EW12-EX12-EY12-EZ12-FA12-FC12-FE12 -> 0 | FG12: =FF12*H12 -> 0 | FH12: =(EW12+EX12+EY12+EZ12+(FA12+((FB12*$F12)/$H12)+FE12))*$L12 -> 0 | FJ12: =FI12-FF12 -> 0 | FK12: =FF12 -> 0 | FV12: =(FU12*F12)/H12 -> 0 | FW12: =IF(E12=0,0,SUMIF('Cocktail (December 2025)'!$F$6:$DB$1547,E12,'Cocktail (December 2025)'!$AM$6:$AM$1547)) -> 0 | FX12: =FW12/H12 -> 0 | FY12: =FK12+FL12+FM12+FN12-FO12-FP12-FQ12-FR12-FS12-FT12-FV12-FX12 -> 0 | FZ12: =FY12*H12 -> 0 | GA12: =(FP12+FQ12+FR12+FS12+(FT12+((FU12*$F12)/$H12)+FX12))*$L12 -> 0 | GC12: =GB12-FY12 -> 0 | GD12: =FY12 -> 0 | GO12: =(GN12*F12)/H12 -> 0 | GP12: =IF(E12=0,0,SUMIF('Cocktail (December 2025)'!$F$6:$DB$1547,E12,'Cocktail (December 2025)'!$AP$6:$AP$1547)) -> 0 | GQ12: =GP12/H12 -> 0 | GR12: =GD12+GE12+GF12+GG12-GH12-GI12-GJ12-GK12-GL12-GM12-GO12-GQ12 -> 0 | GS12: =GR12*H12 -> 0 | GT12: =(GI12+GJ12+GK12+GL12+(GM12+((GN12*$F12)/$H12)+GQ12))*$L12 -> 0 | GV12: =GU12-GR12 -> 0 | GW12: =GR12 -> 0 | HH12: =(HG12*F12)/H12 -> 0 | HI12: =IF(E12=0,0,SUMIF('Cocktail (December 2025)'!$F$6:$DB$1547,E12,'Cocktail (December 2025)'!$AS$6:$AS$1547)) -> 0 | HJ12: =HI12/H12 -> 0 | HK12: =GW12+GX12+GY12+GZ12-HA12-HB12-HC12-HD12-HE12-HF12-HH12-HJ12 -> 0 | HL12: =HK12*H12 -> 0 | HM12: =(HB12+HC12+HD12+HE12+(HF12+((HG12*$F12)/$H12)+HJ12))*$L12 -> 0 | HO12: =HN12-HK12 -> 0 | HP12: =HK12 -> 0 | IA12: =(HZ12*F12)/H12 -> 0 | IB12: =IF(E12=0,0,SUMIF('Cocktail (December 2025)'!$F$6:$DB$1547,E12,'Cocktail (December 2025)'!$AV$6:$AV$1547)) -> 0 | IC12: =IB12/H12 -> 0 | ID12: =HP12+HQ12+HR12+HS12-HT12-HU12-HV12-HW12-HX12-HY12-IA12-IC12 -> 0 | IE12: =ID12*H12 -> 0 | IF12: =(HU12+HV12+HW12+HX12+(HY12+((HZ12*$F12)/$H12)+IC12))*$L12 -> 0 | IH12: =IG12-ID12 -> 0 | II12: =ID12 -> 0 | IT12: =(IS12*F12)/H12 -> 0 | IU12: =IF(E12=0,0,SUMIF('Cocktail (December 2025)'!$F$6:$DB$1547,E12,'Cocktail (December 2025)'!$AY$6:$AY$1547)) -> 0 | IV12: =IU12/H12 -> 0 | IW12: =II12+IJ12+IK12+IL12-IM12-IN12-IO12-IP12-IQ12-IR12-IT12-IV12 -> 0 | IX12: =IW12*H12 -> 0 | IY12: =(IN12+IO12+IP12+IQ12+(IR12+((IS12*$F12)/$H12)+IV12))*$L12 -> 0 | JA12: =IZ12-IW12 -> 0 | JB12: =IW12 -> 0 | JM12: =(JL12*F12)/H12 -> 0 | JN12: =IF(E12=0,0,SUMIF('Cocktail (December 2025)'!$F$6:$DB$1547,E12,'Cocktail (December 2025)'!$BB$6:$BB$1547)) -> 0 | JO12: =JN12/H12 -> 0 | JP12: =JB12+JC12+JD12+JE12-JF12-JG12-JH12-JI12-JJ12-JK12-JM12-JO12 -> 0 | JQ12: =JP12*H12 -> 0 | JR12: =(JG12+JH12+JI12+JJ12+(JK12+((JL12*$F12)/$H12)+JO12))*$L12 -> 0 | JT12: =JS12-JP12 -> 0 | JU12: =JP12 -> 0 | KF12: =(KE12*F12)/H12 -> 0 | KG12: =IF(E12=0,0,SUMIF('Cocktail (December 2025)'!$F$6:$DB$1547,E12,'Cocktail (December 2025)'!$BE$6:$BE$1547)) -> 0 | KH12: =KG12/H12 -> 0 | KI12: =JU12+JV12+JW12+JX12-JY12-JZ12-KA12-KB12-KC12-KD12-KF12-KH12 -> 0 | KJ12: =KI12*H12 -> 0 | KK12: =(JZ12+KA12+KB12+KC12+(KD12+((KE12*$F12)/$H12)+KH12))*$L12 -> 0 | KM12: =KL12-KI12 -> 0 | KN12: =KI12 -> 0 | KY12: =(KX12*F12)/H12 -> 0 | KZ12: =IF(E12=0,0,SUMIF('Cocktail (December 2025)'!$F$6:$DB$1547,E12,'Cocktail (December 2025)'!$BH$6:$BH$1547)) -> 0 | LA12: =KZ12/H12 -> 0 | LB12: =KN12+KO12+KP12+KQ12-KR12-KS12-KT12-KU12-KV12-KW12-KY12-LA12 -> 0 | LC12: =LB12*H12 -> 0 | LD12: =(KS12+KT12+KU12+KV12+(KW12+((KX12*$F12)/$H12)+LA12))*$L12 -> 0 | LF12: =LE12-LB12 -> 0 | LG12: =LB12 -> 0 | LR12: =(LQ12*F12)/H12 -> 0 | LS12: =IF(E12=0,0,SUMIF('Cocktail (December 2025)'!$F$6:$DB$1547,E12,'Cocktail (December 2025)'!$BK$6:$BK$1547)) -> 0 | LT12: =LS12/H12 -> 0 | LU12: =LG12+LH12+LI12+LJ12-LK12-LL12-LM12-LN12-LO12-LP12-LR12-LT12 -> 0 | LV12: =LU12*H12 -> 0 | LW12: =(LL12+LM12+LN12+LO12+(LP12+((LQ12*$F12)/$H12)+LT12))*$L12 -> 0 | LY12: =LX12-LU12 -> 0 | LZ12: =LU12 -> 0 | MK12: =(MJ12*F12)/H12 -> 0 | ML12: =IF(E12=0,0,SUMIF('Cocktail (December 2025)'!$F$6:$DB$1547,E12,'Cocktail (December 2025)'!$BN$6:$BN$1547)) -> 0 | MM12: =ML12/H12 -> 0 | MN12: =LZ12+MA12+MB12+MC12-MD12-ME12-MF12-MG12-MH12-MI12-MK12-MM12 -> 0 | MO12: =MN12*H12 -> 0 | MP12: =(ME12+MF12+MG12+MH12+(MI12+((MJ12*$F12)/$H12)+MM12))*$L12 -> 0 | MR12: =MQ12-MN12 -> 0 | MS12: =MN12 -> 0 | ND12: =(NC12*F12)/H12 -> 0 | NE12: =IF(E12=0,0,SUMIF('Cocktail (December 2025)'!$F$6:$DB$1547,E12,'Cocktail (December 2025)'!$BQ$6:$BQ$1547)) -> 0 | NF12: =NE12/H12 -> 0 | NG12: =MS12+MT12+MU12+MV12-MW12-MX12-MY12-MZ12-NA12-NB12-ND12-NF12 -> 0 | NH12: =NG12*H12 -> 0 | NI12: =(MX12+MY12+MZ12+NA12+(NB12+((NC12*$F12)/$H12)+NF12))*$L12 -> 0 | NK12: =NJ12-NG12 -> 0 | NL12: =NG12 -> 0 | NW12: =(NV12*F12)/H12 -> 0 | NX12: =IF(E12=0,0,SUMIF('Cocktail (December 2025)'!$F$6:$DB$1547,E12,'Cocktail (December 2025)'!$BT$6:$BT$1547)) -> 0 | NY12: =NX12/H12 -> 0 | NZ12: =NL12+NM12+NN12+NO12-NP12-NQ12-NR12-NS12-NT12-NU12-NW12-NY12 -> 0 | OA12: =NZ12*H12 -> 0 | OB12: =(NQ12+NR12+NS12+NT12+(NU12+((NV12*$F12)/$H12)+NY12))*$L12 -> 0 | OD12: =OC12-NZ12 -> 0 | OE12: =NZ12 -> 0 | OP12: =(OO12*F12)/H12 -> 0 | OQ12: =IF(E12=0,0,SUMIF('Cocktail (December 2025)'!$F$6:$DB$1547,E12,'Cocktail (December 2025)'!$BW$6:$BW$1547)) -> 0 | OR12: =OQ12/H12 -> 0 | OS12: =OE12+OF12+OG12+OH12-OI12-OJ12-OK12-OL12-OM12-ON12-OP12-OR12 -> 0 | OT12: =OS12*H12 -> 0 | OU12: =(OJ12+OK12+OL12+OM12+(ON12+((OO12*$F12)/$H12)+OR12))*$L12 -> 0 | OW12: =OV12-OS12 -> 0 | OX12: =OS12 -> 0 | PI12: =(PH12*F12)/H12 -> 0 | PJ12: =IF(E12=0,0,SUMIF('Cocktail (December 2025)'!$F$6:$DB$1547,E12,'Cocktail (December 2025)'!$BZ$6:$BZ$1547)) -> 0 | PK12: =PJ12/H12 -> 0 | PL12: =OX12+OY12+OZ12+PA12-PB12-PC12-PD12-PE12-PF12-PG12-PI12-PK12 -> 0 | PM12: =PL12*H12 -> 0 | PN12: =(PC12+PD12+PE12+PF12+(PG12+((PH12*$F12)/$H12)+PK12))*$L12 -> 0 | PP12: =PO12-PL12 -> 0 | PQ12: =PL12 -> 0 | QB12: =(QA12*F12)/H12 -> 0 | QC12: =IF(E12=0,0,SUMIF('Cocktail (December 2025)'!$F$6:$DB$1547,E12,'Cocktail (December 2025)'!$CC$6:$CC$1547)) -> 0 | QD12: =QC12/H12 -> 0 | QE12: =PQ12+PR12+PS12+PT12-PU12-PV12-PW12-PX12-PY12-PZ12-QB12-QD12 -> 0 | QF12: =QE12*H12 -> 0 | QG12: =(PV12+PW12+PX12+PY12+(PZ12+((QA12*$F12)/$H12)+QD12))*$L12 -> 0 | QI12: =QH12-QE12 -> 0 | QJ12: =QE12 -> 0 | QU12: =(QT12*F12)/H12 -> 0 | QV12: =IF(E12=0,0,SUMIF('Cocktail (December 2025)'!$F$6:$DB$1547,E12,'Cocktail (December 2025)'!$CF$6:$CF$1547)) -> 0 | QW12: =QV12/H12 -> 0 | QX12: =QJ12+QK12+QL12+QM12-QN12-QO12-QP12-QQ12-QR12-QS12-QU12-QW12 -> 0 | QY12: =QX12*H12 -> 0 | QZ12: =(QO12+QP12+QQ12+QR12+(QS12+((QT12*$F12)/$H12)+QW12))*$L12 -> 0 | RB12: =RA12-QX12 -> 0 | RC12: =QX12 -> 0 | RN12: =(RM12*F12)/H12 -> 0 | RO12: =IF(E12=0,0,SUMIF('Cocktail (December 2025)'!$F$6:$DB$1547,E12,'Cocktail (December 2025)'!$CI$6:$CI$1547)) -> 0 | RP12: =RO12/H12 -> 0 | RQ12: =RC12+RD12+RE12+RF12-RG12-RH12-RI12-RJ12-RK12-RL12-RN12-RP12 -> 0 | RR12: =RQ12*H12 -> 0 | RS12: =(RH12+RI12+RJ12+RK12+(RL12+((RM12*$F12)/$H12)+RP12))*$L12 -> 0 | RU12: =RT12-RQ12 -> 0 | RV12: =RQ12 -> 0 | SG12: =(SF12*F12)/H12 -> 0 | SH12: =IF(E12=0,0,SUMIF('Cocktail (December 2025)'!$F$6:$DB$1547,E12,'Cocktail (December 2025)'!$CL$6:$CL$1547)) -> 0 | SI12: =SH12/H12 -> 0 | SJ12: =RV12+RW12+RX12+RY12-RZ12-SA12-SB12-SC12-SD12-SE12-SG12-SI12 -> 0 | SK12: =SJ12*H12 -> 0 | SL12: =(SA12+SB12+SC12+SD12+(SE12+((SF12*$F12)/$H12)+SI12))*$L12 -> 0 | SN12: =SM12-SJ12 -> 0 | SO12: =SJ12 -> 0 | SZ12: =(SY12*F12)/H12 -> 0 | TA12: =IF(E12=0,0,SUMIF('Cocktail (December 2025)'!$F$6:$DB$1547,E12,'Cocktail (December 2025)'!$CO$6:$CO$1547)) -> 0 | TB12: =TA12/H12 -> 0 | TC12: =SO12+SP12+SQ12+SR12-SS12-ST12-SU12-SV12-SW12-SX12-SZ12-TB12 -> 0 | TD12: =TC12*H12 -> 0 | TE12: =(ST12+SU12+SV12+SW12+(SX12+((SY12*$F12)/$H12)+TB12))*$L12 -> 0 | TG12: =TF12-TC12 -> 0 | TH12: =TC12 -> 0 | TS12: =(TR12*F12)/H12 -> 0 | TT12: =IF(E12=0,0,SUMIF('Cocktail (December 2025)'!$F$6:$DB$1547,E12,'Cocktail (December 2025)'!$CR$6:$CR$1547)) -> 0 | TU12: =TT12/H12 -> 0 | TV12: =TH12+TI12+TJ12+TK12-TL12-TM12-TN12-TO12-TP12-TQ12-TS12-TU12 -> 0 | TW12: =TV12*H12 -> 0 | TX12: =(TM12+TN12+TO12+TP12+(TQ12+((TR12*$F12)/$H12)+TU12))*$L12 -> 0 | TZ12: =TY12-TV12 -> 0 | UA12: =TV12 -> 0 | UL12: =(UK12*F12)/H12 -> 0 | UM12: =IF(E12=0,0,SUMIF('Cocktail (December 2025)'!$F$6:$DB$1547,E12,'Cocktail (December 2025)'!$CU$6:$CU$1547)) -> 0 | UN12: =UM12/H12 -> 0 | UO12: =UA12+UB12+UC12+UD12-UE12-UF12-UG12-UH12-UI12-UJ12-UL12-UN12 -> 0 | UP12: =UO12*H12 -> 0 | UQ12: =(UF12+UG12+UH12+UI12+(UJ12+((UK12*$F12)/$H12)+UN12))*$L12 -> 0 | US12: =UR12-UO12 -> 0 | UT12: =UO12 -> 0 | VE12: =(VD12*F12)/H12 -> 0 | VF12: =IF(E12=0,0,SUMIF('Cocktail (December 2025)'!$F$6:$DB$1547,E12,'Cocktail (December 2025)'!$CX$6:$CX$1547)) -> 0 | VG12: =VF12/H12 -> 0 | VH12: =UT12+UU12+UV12+UW12-UX12-UY12-UZ12-VA12-VB12-VC12-VE12-VG12 -> 0 | VI12: =VH12*H12 -> 0 | VJ12: =(UY12+UZ12+VA12+VB12+(VC12+((VD12*$F12)/$H12)+VG12))*$L12 -> 0 | VL12: =VK12-VH12 -> 0 | VM12: =VH12 -> 0 | VX12: =(VW12*F12)/H12 -> 0 | VY12: =IF(E12=0,0,SUMIF('Cocktail (December 2025)'!$F$6:$DB$1547,E12,'Cocktail (December 2025)'!$DA$6:$DA$1547)) -> 0 | VZ12: =VY12/H12 -> 0 | WA12: =VM12+VN12+VO12+VP12-VQ12-VR12-VS12-VT12-VU12-VV12-VX12-VZ12 -> 0 | WB12: =WA12*H12 -> 0 | WC12: =(VR12+VS12+VT12+VU12+(VV12+((VW12*$F12)/$H12)+VZ12))*$L12 -> 0 | WE12: =WD12-WA12 -> 0 | WF12: X | WG12: =O12 -> 0 | WH12: =P12+AI12+BB12+BU12+CN12+DG12+DZ12+ES12+FL12+GE12+GX12+HQ12+IJ12+JC12+JV12+KO12+LH12+MA12+MT12+NM12+OF12+OY12+PR12+QK12+RD12+RW12+SP12+TI12+UB12+UU12+VN12 -> 0 | WI12: =Q12+AJ12+BC12+BV12+CO12+DH12+EA12+ET12+FM12+GF12+GY12+HR12+IK12+JD12+JW12+KP12+LI12+MB12+MU12+NN12+OG12+OZ12+PS12+QL12+RE12+RX12+SQ12+TJ12+UC12+UV12+VO12 -> 0 | WJ12: =R12+AK12+BD12+BW12+CP12+DI12+EB12+EU12+FN12+GG12+GZ12+HS12+IL12+JE12+JX12+KQ12+LJ12+MC12+MV12+NO12+OH12+PA12+PT12+QM12+RF12+RY12+SR12+TK12+UD12+UW12+VP12 -> 0 | WK12: =S12+AL12+BE12+BX12+CQ12+DJ12+EC12+EV12+FO12+GH12+HA12+HT12+IM12+JF12+JY12+KR12+LK12+MD12+MW12+NP12+OI12+PB12+PU12+QN12+RG12+RZ12+SS12+TL12+UE12+UX12+VQ12 -> 0 | WL12: =T12+AM12+BF12+BY12+CR12+DK12+ED12+EW12+FP12+GI12+HB12+HU12+IN12+JG12+JZ12+KS12+LL12+ME12+MX12+NQ12+OJ12+PC12+PV12+QO12+RH12+SA12+ST12+TM12+UF12+UY12+VR12 -> 0 | WM12: =U12+AN12+BG12+BZ12+CS12+DL12+EE12++EX12+FQ12+GJ12+HC12+HV12+IO12+JH12+KA12+KT12+LM12+MF12+MY12+NR12+OK12+PD12+PW12+QP12+RI12+SB12+SU12+TN12+UG12+UZ12+VS12 -> 0 | WN12: =V12+AO12+BH12+CA12+CT12+DM12+EF12+EY12+FR12+GK12+HD12+HW12+IP12+JI12+KB12+KU12+LN12+MG12+MZ12+NS12+OL12+PE12+PX12+QQ12+RJ12+SC12+SV12+TO12+UH12+VA12+VT12 -> 0 | WO12: =W12+AP12+BI12+CB12+CU12+DN12+EG12+EZ12+FS12+GL12+HE12+HX12+IQ12+JJ12+KC12+KV12+LO12+MH12+NA12+NT12+OM12+PF12+PY12+QR12+RK12+SD12+SW12+TP12+UI12+VB12+VU12 -> 0 | WP12: =X12+AQ12+BJ12+CC12+CV12+DO12+EH12+FA12+FT12+GM12+HF12+HY12+IR12+JK12+KD12+KW12+LP12+MI12+NB12+NU12+ON12+PG12+PZ12+QS12+RL12+SE12+SX12+TQ12+UJ12+VC12+VV12 -> 0 | WQ12: =Y12+AR12+BK12+CD12+CW12+DP12+EI12+FB12+FU12+GN12+HG12+HZ12+IS12+JL12+KE12+KX12+LQ12+MJ12+NC12+NV12+OO12+PH12+QA12+QT12+RM12+SF12+SY12+TR12+UK12+VD12+VW12 -> 0 | WR12: =Z12+AS12+BL12+CE12+CX12+DQ12+EJ12+FC12+FV12+GO12+HH12+IA12+IT12+JM12+KF12+KY12+LR12+MK12+ND12+NW12+OP12+PI12+QB12+QU12+RN12+SG12+SZ12+TS12+UL12+VE12+VX12 -> 0 | WS12: =AB12+AU12+BN12+CG12+CZ12+DS12+EL12+FE12+FX12+GQ12+HJ12+IC12+IV12+JO12+KH12+LA12+LT12+MM12+NF12+NY12+OR12+PK12+QD12+QW12+RP12+SI12+TB12+TU12+UN12+VG12+VZ12 -> 0 | WT12: =WA12 -> 0 | WU12: =WB12 -> 0 | WW12: =WV12-WT12 -> 0 | WX12: =WV12/F12 -> 0
A13: =IFERROR(IF(WU13=0,"-","Y"),"-") -> - | C13: 29 | D13: 5 | E13: Monkey Shoulder 700 ml | F13: =IF(E13="","",IF(VLOOKUP(E13,'Master Data (December 2025)'!$B$10:$N$857,1)=E13,VLOOKUP(E13,'Master Data (December 2025)'!$B$10:$N$857,6),"XX")) -> 1 | H13: =IF(E13="","",IF(VLOOKUP(E13,'Master Data (December 2025)'!$B$10:$N$857,1)=E13,VLOOKUP(E13,'Master Data (December 2025)'!$B$10:$N$857,8),"XX")) -> 22 | J13: =IF(E13="","",IF(VLOOKUP(E13,'Master Data (December 2025)'!$B$10:$N$857,1)=E13,VLOOKUP(E13,'Master Data (December 2025)'!$B$10:$N$857,3),"XX")) -> สมภพ,อมฤต | K13: =IF(E13="","",IF(VLOOKUP(E13,'Master Data (December 2025)'!$B$10:$N$857,1)=E13,VLOOKUP(E13,'Master Data (December 2025)'!$B$10:$N$857,5),"XX")) -> Btl 700 ml | L13: =IF(E13="","",IF(VLOOKUP(E13,'Master Data (December 2025)'!$B$10:$N$857,1)=E13,VLOOKUP(E13,'Master Data (December 2025)'!$B$10:$N$857,11),"XX")) -> 1435 | M13: =IF(E13="","",IF(VLOOKUP(E13,'Master Data (December 2025)'!$B$10:$N$857,1)=E13,VLOOKUP(E13,'Master Data (December 2025)'!$B$10:$N$857,13),"XX")) -> 65.227273 | O13: =N13 -> 0 | Z13: =(Y13*F13)/H13 -> 0 | AA13: =IF(E13=0,0,SUMIF('Cocktail (December 2025)'!$F$6:$DB$1547,E13,'Cocktail (December 2025)'!$O$6:$O$1547)) -> 0 | AB13: =AA13/H13 -> 0 | AC13: =O13+P13+Q13+R13-S13-T13-U13-V13-W13-X13-Z13-AB13 -> 0 | AD13: =AC13*H13 -> 0 | AE13: =(T13+U13+V13+W13+(X13+((Y13*$F13)/$H13)+AB13))*$L13 -> 0 | AG13: =AF13-AC13 -> 0 | AH13: =IF(AF13="",AC13,IF(AF13<>0,AF13,0)) -> 0 | AS13: =(AR13*F13)/H13 -> 0 | AT13: =IF(E13=0,0,SUMIF('Cocktail (December 2025)'!$F$6:$DB$1547,E13,'Cocktail (December 2025)'!$R$6:$R$1547)) -> 0 | AU13: =AT13/H13 -> 0 | AV13: =AH13+AI13+AJ13+AK13-AL13-AM13-AN13-AO13-AP13-AQ13-AS13-AU13 -> 0 | AW13: =AV13*H13 -> 0 | AX13: =(AM13+AN13+AO13+AP13+(AQ13+((AR13*$F13)/$H13)+AU13))*$L13 -> 0 | AZ13: =AY13-AV13 -> 0 | BA13: =AV13 -> 0 | BL13: =(BK13*F13)/H13 -> 0 | BM13: =IF(E13=0,0,SUMIF('Cocktail (December 2025)'!$F$6:$DB$1547,E13,'Cocktail (December 2025)'!$U$6:$U$1547)) -> 0 | BN13: =BM13/H13 -> 0 | BO13: =BA13+BB13+BC13+BD13-BE13-BF13-BG13-BH13-BI13-BJ13-BL13-BN13 -> 0 | BP13: =BO13*H13 -> 0 | BQ13: =(BF13+BG13+BH13+BI13+(BJ13+((BK13*$F13)/$H13)+BN13))*$L13 -> 0 | BS13: =BR13-BO13 -> 0 | BT13: =BO13 -> 0 | CE13: =(CD13*F13)/H13 -> 0 | CF13: =IF(E13=0,0,SUMIF('Cocktail (December 2025)'!$F$6:$DB$1547,E13,'Cocktail (December 2025)'!$X$6:$X$1547)) -> 0 | CG13: =CF13/H13 -> 0 | CH13: =BT13+BU13+BV13+BW13-BX13-BY13-BZ13-CA13-CB13-CC13-CE13-CG13 -> 0 | CI13: =CH13*H13 -> 0 | CJ13: =(BY13+BZ13+CA13+CB13+(CC13+((CD13*$F13)/$H13)+CG13))*$L13 -> 0 | CL13: =CK13-CH13 -> 0 | CM13: =CH13 -> 0 | CX13: =(CW13*F13)/H13 -> 0 | CY13: =IF(E13=0,0,SUMIF('Cocktail (December 2025)'!$F$6:$DB$1547,E13,'Cocktail (December 2025)'!$AA$6:$AA$1547)) -> 0 | CZ13: =CY13/H13 -> 0 | DA13: =CM13+CN13+CO13+CP13-CQ13-CR13-CS13-CT13-CU13-CV13-CX13-CZ13 -> 0 | DB13: =DA13*H13 -> 0 | DC13: =(CR13+CS13+CT13+CU13+(CV13+((CW13*$F13)/$H13)+CZ13))*$L13 -> 0 | DE13: =DD13-DA13 -> 0 | DF13: =DA13 -> 0 | DQ13: =(DP13*F13)/H13 -> 0 | DR13: =IF(E13=0,0,SUMIF('Cocktail (December 2025)'!$F$6:$DB$1547,E13,'Cocktail (December 2025)'!$AD$6:$AD$1547)) -> 0 | DS13: =DR13/H13 -> 0 | DT13: =DF13+DG13+DH13+DI13-DJ13-DK13-DL13-DM13-DN13-DO13-DQ13-DS13 -> 0 | DU13: =DT13*H13 -> 0 | DV13: =(DK13+DL13+DM13+DN13+(DO13+((DP13*$F13)/$H13)+DS13))*$L13 -> 0 | DX13: =DW13-DT13 -> 0 | DY13: =DT13 -> 0 | EJ13: =(EI13*F13)/H13 -> 0 | EK13: =IF(E13=0,0,SUMIF('Cocktail (December 2025)'!$F$6:$DB$1547,E13,'Cocktail (December 2025)'!$AG$6:$AG$1547)) -> 0 | EL13: =EK13/H13 -> 0 | EM13: =DY13+DZ13+EA13+EB13-EC13-ED13-EE13-EF13-EG13-EH13-EJ13-EL13 -> 0 | EN13: =EM13*H13 -> 0 | EO13: =(ED13+EE13+EF13+EG13+(EH13+((EI13*$F13)/$H13)+EL13))*$L13 -> 0 | EQ13: =EP13-EM13 -> 0 | ER13: =EM13 -> 0 | FC13: =(FB13*F13)/H13 -> 0 | FD13: =IF(E13=0,0,SUMIF('Cocktail (December 2025)'!$F$6:$DB$1547,E13,'Cocktail (December 2025)'!$AJ$6:$AJ$1547)) -> 0 | FE13: =FD13/H13 -> 0 | FF13: =ER13+ES13+ET13+EU13-EV13-EW13-EX13-EY13-EZ13-FA13-FC13-FE13 -> 0 | FG13: =FF13*H13 -> 0 | FH13: =(EW13+EX13+EY13+EZ13+(FA13+((FB13*$F13)/$H13)+FE13))*$L13 -> 0 | FJ13: =FI13-FF13 -> 0 | FK13: =FF13 -> 0 | FV13: =(FU13*F13)/H13 -> 0 | FW13: =IF(E13=0,0,SUMIF('Cocktail (December 2025)'!$F$6:$DB$1547,E13,'Cocktail (December 2025)'!$AM$6:$AM$1547)) -> 0 | FX13: =FW13/H13 -> 0 | FY13: =FK13+FL13+FM13+FN13-FO13-FP13-FQ13-FR13-FS13-FT13-FV13-FX13 -> 0 | FZ13: =FY13*H13 -> 0 | GA13: =(FP13+FQ13+FR13+FS13+(FT13+((FU13*$F13)/$H13)+FX13))*$L13 -> 0 | GC13: =GB13-FY13 -> 0 | GD13: =FY13 -> 0 | GO13: =(GN13*F13)/H13 -> 0 | GP13: =IF(E13=0,0,SUMIF('Cocktail (December 2025)'!$F$6:$DB$1547,E13,'Cocktail (December 2025)'!$AP$6:$AP$1547)) -> 0 | GQ13: =GP13/H13 -> 0 | GR13: =GD13+GE13+GF13+GG13-GH13-GI13-GJ13-GK13-GL13-GM13-GO13-GQ13 -> 0 | GS13: =GR13*H13 -> 0 | GT13: =(GI13+GJ13+GK13+GL13+(GM13+((GN13*$F13)/$H13)+GQ13))*$L13 -> 0 | GV13: =GU13-GR13 -> 0 | GW13: =GR13 -> 0 | HH13: =(HG13*F13)/H13 -> 0 | HI13: =IF(E13=0,0,SUMIF('Cocktail (December 2025)'!$F$6:$DB$1547,E13,'Cocktail (December 2025)'!$AS$6:$AS$1547)) -> 0 | HJ13: =HI13/H13 -> 0 | HK13: =GW13+GX13+GY13+GZ13-HA13-HB13-HC13-HD13-HE13-HF13-HH13-HJ13 -> 0 | HL13: =HK13*H13 -> 0 | HM13: =(HB13+HC13+HD13+HE13+(HF13+((HG13*$F13)/$H13)+HJ13))*$L13 -> 0 | HO13: =HN13-HK13 -> 0 | HP13: =HK13 -> 0 | IA13: =(HZ13*F13)/H13 -> 0 | IB13: =IF(E13=0,0,SUMIF('Cocktail (December 2025)'!$F$6:$DB$1547,E13,'Cocktail (December 2025)'!$AV$6:$AV$1547)) -> 0 | IC13: =IB13/H13 -> 0 | ID13: =HP13+HQ13+HR13+HS13-HT13-HU13-HV13-HW13-HX13-HY13-IA13-IC13 -> 0 | IE13: =ID13*H13 -> 0 | IF13: =(HU13+HV13+HW13+HX13+(HY13+((HZ13*$F13)/$H13)+IC13))*$L13 -> 0 | IH13: =IG13-ID13 -> 0 | II13: =ID13 -> 0 | IT13: =(IS13*F13)/H13 -> 0 | IU13: =IF(E13=0,0,SUMIF('Cocktail (December 2025)'!$F$6:$DB$1547,E13,'Cocktail (December 2025)'!$AY$6:$AY$1547)) -> 0 | IV13: =IU13/H13 -> 0 | IW13: =II13+IJ13+IK13+IL13-IM13-IN13-IO13-IP13-IQ13-IR13-IT13-IV13 -> 0 | IX13: =IW13*H13 -> 0 | IY13: =(IN13+IO13+IP13+IQ13+(IR13+((IS13*$F13)/$H13)+IV13))*$L13 -> 0 | JA13: =IZ13-IW13 -> 0 | JB13: =IW13 -> 0 | JM13: =(JL13*F13)/H13 -> 0 | JN13: =IF(E13=0,0,SUMIF('Cocktail (December 2025)'!$F$6:$DB$1547,E13,'Cocktail (December 2025)'!$BB$6:$BB$1547)) -> 0 | JO13: =JN13/H13 -> 0 | JP13: =JB13+JC13+JD13+JE13-JF13-JG13-JH13-JI13-JJ13-JK13-JM13-JO13 -> 0 | JQ13: =JP13*H13 -> 0 | JR13: =(JG13+JH13+JI13+JJ13+(JK13+((JL13*$F13)/$H13)+JO13))*$L13 -> 0 | JT13: =JS13-JP13 -> 0 | JU13: =JP13 -> 0 | KF13: =(KE13*F13)/H13 -> 0 | KG13: =IF(E13=0,0,SUMIF('Cocktail (December 2025)'!$F$6:$DB$1547,E13,'Cocktail (December 2025)'!$BE$6:$BE$1547)) -> 0 | KH13: =KG13/H13 -> 0 | KI13: =JU13+JV13+JW13+JX13-JY13-JZ13-KA13-KB13-KC13-KD13-KF13-KH13 -> 0 | KJ13: =KI13*H13 -> 0 | KK13: =(JZ13+KA13+KB13+KC13+(KD13+((KE13*$F13)/$H13)+KH13))*$L13 -> 0 | KM13: =KL13-KI13 -> 0 | KN13: =KI13 -> 0 | KY13: =(KX13*F13)/H13 -> 0 | KZ13: =IF(E13=0,0,SUMIF('Cocktail (December 2025)'!$F$6:$DB$1547,E13,'Cocktail (December 2025)'!$BH$6:$BH$1547)) -> 0 | LA13: =KZ13/H13 -> 0 | LB13: =KN13+KO13+KP13+KQ13-KR13-KS13-KT13-KU13-KV13-KW13-KY13-LA13 -> 0 | LC13: =LB13*H13 -> 0 | LD13: =(KS13+KT13+KU13+KV13+(KW13+((KX13*$F13)/$H13)+LA13))*$L13 -> 0 | LF13: =LE13-LB13 -> 0 | LG13: =LB13 -> 0 | LR13: =(LQ13*F13)/H13 -> 0 | LS13: =IF(E13=0,0,SUMIF('Cocktail (December 2025)'!$F$6:$DB$1547,E13,'Cocktail (December 2025)'!$BK$6:$BK$1547)) -> 0 | LT13: =LS13/H13 -> 0 | LU13: =LG13+LH13+LI13+LJ13-LK13-LL13-LM13-LN13-LO13-LP13-LR13-LT13 -> 0 | LV13: =LU13*H13 -> 0 | LW13: =(LL13+LM13+LN13+LO13+(LP13+((LQ13*$F13)/$H13)+LT13))*$L13 -> 0 | LY13: =LX13-LU13 -> 0 | LZ13: =LU13 -> 0 | MK13: =(MJ13*F13)/H13 -> 0 | ML13: =IF(E13=0,0,SUMIF('Cocktail (December 2025)'!$F$6:$DB$1547,E13,'Cocktail (December 2025)'!$BN$6:$BN$1547)) -> 0 | MM13: =ML13/H13 -> 0 | MN13: =LZ13+MA13+MB13+MC13-MD13-ME13-MF13-MG13-MH13-MI13-MK13-MM13 -> 0 | MO13: =MN13*H13 -> 0 | MP13: =(ME13+MF13+MG13+MH13+(MI13+((MJ13*$F13)/$H13)+MM13))*$L13 -> 0 | MR13: =MQ13-MN13 -> 0 | MS13: =MN13 -> 0 | ND13: =(NC13*F13)/H13 -> 0 | NE13: =IF(E13=0,0,SUMIF('Cocktail (December 2025)'!$F$6:$DB$1547,E13,'Cocktail (December 2025)'!$BQ$6:$BQ$1547)) -> 0 | NF13: =NE13/H13 -> 0 | NG13: =MS13+MT13+MU13+MV13-MW13-MX13-MY13-MZ13-NA13-NB13-ND13-NF13 -> 0 | NH13: =NG13*H13 -> 0 | NI13: =(MX13+MY13+MZ13+NA13+(NB13+((NC13*$F13)/$H13)+NF13))*$L13 -> 0 | NK13: =NJ13-NG13 -> 0 | NL13: =NG13 -> 0 | NW13: =(NV13*F13)/H13 -> 0 | NX13: =IF(E13=0,0,SUMIF('Cocktail (December 2025)'!$F$6:$DB$1547,E13,'Cocktail (December 2025)'!$BT$6:$BT$1547)) -> 0 | NY13: =NX13/H13 -> 0 | NZ13: =NL13+NM13+NN13+NO13-NP13-NQ13-NR13-NS13-NT13-NU13-NW13-NY13 -> 0 | OA13: =NZ13*H13 -> 0 | OB13: =(NQ13+NR13+NS13+NT13+(NU13+((NV13*$F13)/$H13)+NY13))*$L13 -> 0 | OD13: =OC13-NZ13 -> 0 | OE13: =NZ13 -> 0 | OP13: =(OO13*F13)/H13 -> 0 | OQ13: =IF(E13=0,0,SUMIF('Cocktail (December 2025)'!$F$6:$DB$1547,E13,'Cocktail (December 2025)'!$BW$6:$BW$1547)) -> 0 | OR13: =OQ13/H13 -> 0 | OS13: =OE13+OF13+OG13+OH13-OI13-OJ13-OK13-OL13-OM13-ON13-OP13-OR13 -> 0 | OT13: =OS13*H13 -> 0 | OU13: =(OJ13+OK13+OL13+OM13+(ON13+((OO13*$F13)/$H13)+OR13))*$L13 -> 0 | OW13: =OV13-OS13 -> 0 | OX13: =OS13 -> 0 | PI13: =(PH13*F13)/H13 -> 0 | PJ13: =IF(E13=0,0,SUMIF('Cocktail (December 2025)'!$F$6:$DB$1547,E13,'Cocktail (December 2025)'!$BZ$6:$BZ$1547)) -> 0 | PK13: =PJ13/H13 -> 0 | PL13: =OX13+OY13+OZ13+PA13-PB13-PC13-PD13-PE13-PF13-PG13-PI13-PK13 -> 0 | PM13: =PL13*H13 -> 0 | PN13: =(PC13+PD13+PE13+PF13+(PG13+((PH13*$F13)/$H13)+PK13))*$L13 -> 0 | PP13: =PO13-PL13 -> 0 | PQ13: =PL13 -> 0 | QB13: =(QA13*F13)/H13 -> 0 | QC13: =IF(E13=0,0,SUMIF('Cocktail (December 2025)'!$F$6:$DB$1547,E13,'Cocktail (December 2025)'!$CC$6:$CC$1547)) -> 0 | QD13: =QC13/H13 -> 0 | QE13: =PQ13+PR13+PS13+PT13-PU13-PV13-PW13-PX13-PY13-PZ13-QB13-QD13 -> 0 | QF13: =QE13*H13 -> 0 | QG13: =(PV13+PW13+PX13+PY13+(PZ13+((QA13*$F13)/$H13)+QD13))*$L13 -> 0 | QI13: =QH13-QE13 -> 0 | QJ13: =QE13 -> 0 | QU13: =(QT13*F13)/H13 -> 0 | QV13: =IF(E13=0,0,SUMIF('Cocktail (December 2025)'!$F$6:$DB$1547,E13,'Cocktail (December 2025)'!$CF$6:$CF$1547)) -> 0 | QW13: =QV13/H13 -> 0 | QX13: =QJ13+QK13+QL13+QM13-QN13-QO13-QP13-QQ13-QR13-QS13-QU13-QW13 -> 0 | QY13: =QX13*H13 -> 0 | QZ13: =(QO13+QP13+QQ13+QR13+(QS13+((QT13*$F13)/$H13)+QW13))*$L13 -> 0 | RB13: =RA13-QX13 -> 0 | RC13: =QX13 -> 0 | RN13: =(RM13*F13)/H13 -> 0 | RO13: =IF(E13=0,0,SUMIF('Cocktail (December 2025)'!$F$6:$DB$1547,E13,'Cocktail (December 2025)'!$CI$6:$CI$1547)) -> 0 | RP13: =RO13/H13 -> 0 | RQ13: =RC13+RD13+RE13+RF13-RG13-RH13-RI13-RJ13-RK13-RL13-RN13-RP13 -> 0 | RR13: =RQ13*H13 -> 0 | RS13: =(RH13+RI13+RJ13+RK13+(RL13+((RM13*$F13)/$H13)+RP13))*$L13 -> 0 | RU13: =RT13-RQ13 -> 0 | RV13: =RQ13 -> 0 | SG13: =(SF13*F13)/H13 -> 0 | SH13: =IF(E13=0,0,SUMIF('Cocktail (December 2025)'!$F$6:$DB$1547,E13,'Cocktail (December 2025)'!$CL$6:$CL$1547)) -> 0 | SI13: =SH13/H13 -> 0 | SJ13: =RV13+RW13+RX13+RY13-RZ13-SA13-SB13-SC13-SD13-SE13-SG13-SI13 -> 0 | SK13: =SJ13*H13 -> 0 | SL13: =(SA13+SB13+SC13+SD13+(SE13+((SF13*$F13)/$H13)+SI13))*$L13 -> 0 | SN13: =SM13-SJ13 -> 0 | SO13: =SJ13 -> 0 | SZ13: =(SY13*F13)/H13 -> 0 | TA13: =IF(E13=0,0,SUMIF('Cocktail (December 2025)'!$F$6:$DB$1547,E13,'Cocktail (December 2025)'!$CO$6:$CO$1547)) -> 0 | TB13: =TA13/H13 -> 0 | TC13: =SO13+SP13+SQ13+SR13-SS13-ST13-SU13-SV13-SW13-SX13-SZ13-TB13 -> 0 | TD13: =TC13*H13 -> 0 | TE13: =(ST13+SU13+SV13+SW13+(SX13+((SY13*$F13)/$H13)+TB13))*$L13 -> 0 | TG13: =TF13-TC13 -> 0 | TH13: =TC13 -> 0 | TS13: =(TR13*F13)/H13 -> 0 | TT13: =IF(E13=0,0,SUMIF('Cocktail (December 2025)'!$F$6:$DB$1547,E13,'Cocktail (December 2025)'!$CR$6:$CR$1547)) -> 0 | TU13: =TT13/H13 -> 0 | TV13: =TH13+TI13+TJ13+TK13-TL13-TM13-TN13-TO13-TP13-TQ13-TS13-TU13 -> 0 | TW13: =TV13*H13 -> 0 | TX13: =(TM13+TN13+TO13+TP13+(TQ13+((TR13*$F13)/$H13)+TU13))*$L13 -> 0 | TZ13: =TY13-TV13 -> 0 | UA13: =TV13 -> 0 | UL13: =(UK13*F13)/H13 -> 0 | UM13: =IF(E13=0,0,SUMIF('Cocktail (December 2025)'!$F$6:$DB$1547,E13,'Cocktail (December 2025)'!$CU$6:$CU$1547)) -> 0 | UN13: =UM13/H13 -> 0 | UO13: =UA13+UB13+UC13+UD13-UE13-UF13-UG13-UH13-UI13-UJ13-UL13-UN13 -> 0 | UP13: =UO13*H13 -> 0 | UQ13: =(UF13+UG13+UH13+UI13+(UJ13+((UK13*$F13)/$H13)+UN13))*$L13 -> 0 | US13: =UR13-UO13 -> 0 | UT13: =UO13 -> 0 | VE13: =(VD13*F13)/H13 -> 0 | VF13: =IF(E13=0,0,SUMIF('Cocktail (December 2025)'!$F$6:$DB$1547,E13,'Cocktail (December 2025)'!$CX$6:$CX$1547)) -> 0 | VG13: =VF13/H13 -> 0 | VH13: =UT13+UU13+UV13+UW13-UX13-UY13-UZ13-VA13-VB13-VC13-VE13-VG13 -> 0 | VI13: =VH13*H13 -> 0 | VJ13: =(UY13+UZ13+VA13+VB13+(VC13+((VD13*$F13)/$H13)+VG13))*$L13 -> 0 | VL13: =VK13-VH13 -> 0 | VM13: =VH13 -> 0 | VX13: =(VW13*F13)/H13 -> 0 | VY13: =IF(E13=0,0,SUMIF('Cocktail (December 2025)'!$F$6:$DB$1547,E13,'Cocktail (December 2025)'!$DA$6:$DA$1547)) -> 0 | VZ13: =VY13/H13 -> 0 | WA13: =VM13+VN13+VO13+VP13-VQ13-VR13-VS13-VT13-VU13-VV13-VX13-VZ13 -> 0 | WB13: =WA13*H13 -> 0 | WC13: =(VR13+VS13+VT13+VU13+(VV13+((VW13*$F13)/$H13)+VZ13))*$L13 -> 0 | WE13: =WD13-WA13 -> 0 | WF13: X | WG13: =O13 -> 0 | WH13: =P13+AI13+BB13+BU13+CN13+DG13+DZ13+ES13+FL13+GE13+GX13+HQ13+IJ13+JC13+JV13+KO13+LH13+MA13+MT13+NM13+OF13+OY13+PR13+QK13+RD13+RW13+SP13+TI13+UB13+UU13+VN13 -> 0 | WI13: =Q13+AJ13+BC13+BV13+CO13+DH13+EA13+ET13+FM13+GF13+GY13+HR13+IK13+JD13+JW13+KP13+LI13+MB13+MU13+NN13+OG13+OZ13+PS13+QL13+RE13+RX13+SQ13+TJ13+UC13+UV13+VO13 -> 0 | WJ13: =R13+AK13+BD13+BW13+CP13+DI13+EB13+EU13+FN13+GG13+GZ13+HS13+IL13+JE13+JX13+KQ13+LJ13+MC13+MV13+NO13+OH13+PA13+PT13+QM13+RF13+RY13+SR13+TK13+UD13+UW13+VP13 -> 0 | WK13: =S13+AL13+BE13+BX13+CQ13+DJ13+EC13+EV13+FO13+GH13+HA13+HT13+IM13+JF13+JY13+KR13+LK13+MD13+MW13+NP13+OI13+PB13+PU13+QN13+RG13+RZ13+SS13+TL13+UE13+UX13+VQ13 -> 0 | WL13: =T13+AM13+BF13+BY13+CR13+DK13+ED13+EW13+FP13+GI13+HB13+HU13+IN13+JG13+JZ13+KS13+LL13+ME13+MX13+NQ13+OJ13+PC13+PV13+QO13+RH13+SA13+ST13+TM13+UF13+UY13+VR13 -> 0 | WM13: =U13+AN13+BG13+BZ13+CS13+DL13+EE13++EX13+FQ13+GJ13+HC13+HV13+IO13+JH13+KA13+KT13+LM13+MF13+MY13+NR13+OK13+PD13+PW13+QP13+RI13+SB13+SU13+TN13+UG13+UZ13+VS13 -> 0 | WN13: =V13+AO13+BH13+CA13+CT13+DM13+EF13+EY13+FR13+GK13+HD13+HW13+IP13+JI13+KB13+KU13+LN13+MG13+MZ13+NS13+OL13+PE13+PX13+QQ13+RJ13+SC13+SV13+TO13+UH13+VA13+VT13 -> 0 | WO13: =W13+AP13+BI13+CB13+CU13+DN13+EG13+EZ13+FS13+GL13+HE13+HX13+IQ13+JJ13+KC13+KV13+LO13+MH13+NA13+NT13+OM13+PF13+PY13+QR13+RK13+SD13+SW13+TP13+UI13+VB13+VU13 -> 0 | WP13: =X13+AQ13+BJ13+CC13+CV13+DO13+EH13+FA13+FT13+GM13+HF13+HY13+IR13+JK13+KD13+KW13+LP13+MI13+NB13+NU13+ON13+PG13+PZ13+QS13+RL13+SE13+SX13+TQ13+UJ13+VC13+VV13 -> 0 | WQ13: =Y13+AR13+BK13+CD13+CW13+DP13+EI13+FB13+FU13+GN13+HG13+HZ13+IS13+JL13+KE13+KX13+LQ13+MJ13+NC13+NV13+OO13+PH13+QA13+QT13+RM13+SF13+SY13+TR13+UK13+VD13+VW13 -> 0 | WR13: =Z13+AS13+BL13+CE13+CX13+DQ13+EJ13+FC13+FV13+GO13+HH13+IA13+IT13+JM13+KF13+KY13+LR13+MK13+ND13+NW13+OP13+PI13+QB13+QU13+RN13+SG13+SZ13+TS13+UL13+VE13+VX13 -> 0 | WS13: =AB13+AU13+BN13+CG13+CZ13+DS13+EL13+FE13+FX13+GQ13+HJ13+IC13+IV13+JO13+KH13+LA13+LT13+MM13+NF13+NY13+OR13+PK13+QD13+QW13+RP13+SI13+TB13+TU13+UN13+VG13+VZ13 -> 0 | WT13: =WA13 -> 0 | WU13: =WB13 -> 0 | WW13: =WV13-WT13 -> 0 | WX13: =WV13/F13 -> 0
A14: =IFERROR(IF(WU14=0,"-","Y"),"-") -> - | C14: 41 | D14: 17 | E14: Brandy | AH14: =IF(AF14="",AC14,IF(AF14<>0,AF14,0)) -> 0 | CF14: =IF(E14=0,0,SUMIF('Cocktail (December 2025)'!$F$6:$DB$1547,E14,'Cocktail (December 2025)'!$X$6:$X$1547)) -> 0 | RC14: =QX14 -> 0
A15: =IFERROR(IF(WU15=0,"-","Y"),"-") -> - | C15: 45 | D15: 18 | E15: Hennesy VS 700 ml | F15: =IF(E15="","",IF(VLOOKUP(E15,'Master Data (December 2025)'!$B$10:$N$857,1)=E15,VLOOKUP(E15,'Master Data (December 2025)'!$B$10:$N$857,6),"XX")) -> 1 | H15: =IF(E15="","",IF(VLOOKUP(E15,'Master Data (December 2025)'!$B$10:$N$857,1)=E15,VLOOKUP(E15,'Master Data (December 2025)'!$B$10:$N$857,8),"XX")) -> 22 | J15: =IF(E15="","",IF(VLOOKUP(E15,'Master Data (December 2025)'!$B$10:$N$857,1)=E15,VLOOKUP(E15,'Master Data (December 2025)'!$B$10:$N$857,3),"XX")) -> อมฤต | K15: =IF(E15="","",IF(VLOOKUP(E15,'Master Data (December 2025)'!$B$10:$N$857,1)=E15,VLOOKUP(E15,'Master Data (December 2025)'!$B$10:$N$857,5),"XX")) -> Btl 700 ml | L15: =IF(E15="","",IF(VLOOKUP(E15,'Master Data (December 2025)'!$B$10:$N$857,1)=E15,VLOOKUP(E15,'Master Data (December 2025)'!$B$10:$N$857,11),"XX")) -> 1653 | M15: =IF(E15="","",IF(VLOOKUP(E15,'Master Data (December 2025)'!$B$10:$N$857,1)=E15,VLOOKUP(E15,'Master Data (December 2025)'!$B$10:$N$857,13),"XX")) -> 75.136364 | O15: =N15 -> 0 | Z15: =(Y15*F15)/H15 -> 0 | AA15: =IF(E15=0,0,SUMIF('Cocktail (December 2025)'!$F$6:$DB$1547,E15,'Cocktail (December 2025)'!$O$6:$O$1547)) -> 0 | AB15: =AA15/H15 -> 0 | AC15: =O15+P15+Q15+R15-S15-T15-U15-V15-W15-X15-Z15-AB15 -> 0 | AD15: =AC15*H15 -> 0 | AE15: =(T15+U15+V15+W15+(X15+((Y15*$F15)/$H15)+AB15))*$L15 -> 0 | AG15: =AF15-AC15 -> 0 | AH15: =IF(AF15="",AC15,IF(AF15<>0,AF15,0)) -> 0 | AS15: =(AR15*F15)/H15 -> 0 | AT15: =IF(E15=0,0,SUMIF('Cocktail (December 2025)'!$F$6:$DB$1547,E15,'Cocktail (December 2025)'!$R$6:$R$1547)) -> 0 | AU15: =AT15/H15 -> 0 | AV15: =AH15+AI15+AJ15+AK15-AL15-AM15-AN15-AO15-AP15-AQ15-AS15-AU15 -> 0 | AW15: =AV15*H15 -> 0 | AX15: =(AM15+AN15+AO15+AP15+(AQ15+((AR15*$F15)/$H15)+AU15))*$L15 -> 0 | AZ15: =AY15-AV15 -> 0 | BA15: =AV15 -> 0 | BL15: =(BK15*F15)/H15 -> 0 | BM15: =IF(E15=0,0,SUMIF('Cocktail (December 2025)'!$F$6:$DB$1547,E15,'Cocktail (December 2025)'!$U$6:$U$1547)) -> 0 | BN15: =BM15/H15 -> 0 | BO15: =BA15+BB15+BC15+BD15-BE15-BF15-BG15-BH15-BI15-BJ15-BL15-BN15 -> 0 | BP15: =BO15*H15 -> 0 | BQ15: =(BF15+BG15+BH15+BI15+(BJ15+((BK15*$F15)/$H15)+BN15))*$L15 -> 0 | BS15: =BR15-BO15 -> 0 | BT15: =BO15 -> 0 | CE15: =(CD15*F15)/H15 -> 0 | CF15: =IF(E15=0,0,SUMIF('Cocktail (December 2025)'!$F$6:$DB$1547,E15,'Cocktail (December 2025)'!$X$6:$X$1547)) -> 0 | CG15: =CF15/H15 -> 0 | CH15: =BT15+BU15+BV15+BW15-BX15-BY15-BZ15-CA15-CB15-CC15-CE15-CG15 -> 0 | CI15: =CH15*H15 -> 0 | CJ15: =(BY15+BZ15+CA15+CB15+(CC15+((CD15*$F15)/$H15)+CG15))*$L15 -> 0 | CL15: =CK15-CH15 -> 0 | CM15: =CH15 -> 0 | CX15: =(CW15*F15)/H15 -> 0 | CY15: =IF(E15=0,0,SUMIF('Cocktail (December 2025)'!$F$6:$DB$1547,E15,'Cocktail (December 2025)'!$AA$6:$AA$1547)) -> 0 | CZ15: =CY15/H15 -> 0 | DA15: =CM15+CN15+CO15+CP15-CQ15-CR15-CS15-CT15-CU15-CV15-CX15-CZ15 -> 0 | DB15: =DA15*H15 -> 0 | DC15: =(CR15+CS15+CT15+CU15+(CV15+((CW15*$F15)/$H15)+CZ15))*$L15 -> 0 | DE15: =DD15-DA15 -> 0 | DF15: =DA15 -> 0 | DQ15: =(DP15*F15)/H15 -> 0 | DR15: =IF(E15=0,0,SUMIF('Cocktail (December 2025)'!$F$6:$DB$1547,E15,'Cocktail (December 2025)'!$AD$6:$AD$1547)) -> 0 | DS15: =DR15/H15 -> 0 | DT15: =DF15+DG15+DH15+DI15-DJ15-DK15-DL15-DM15-DN15-DO15-DQ15-DS15 -> 0 | DU15: =DT15*H15 -> 0 | DV15: =(DK15+DL15+DM15+DN15+(DO15+((DP15*$F15)/$H15)+DS15))*$L15 -> 0 | DX15: =DW15-DT15 -> 0 | DY15: =DT15 -> 0 | EJ15: =(EI15*F15)/H15 -> 0 | EK15: =IF(E15=0,0,SUMIF('Cocktail (December 2025)'!$F$6:$DB$1547,E15,'Cocktail (December 2025)'!$AG$6:$AG$1547)) -> 0 | EL15: =EK15/H15 -> 0 | EM15: =DY15+DZ15+EA15+EB15-EC15-ED15-EE15-EF15-EG15-EH15-EJ15-EL15 -> 0 | EN15: =EM15*H15 -> 0 | EO15: =(ED15+EE15+EF15+EG15+(EH15+((EI15*$F15)/$H15)+EL15))*$L15 -> 0 | EQ15: =EP15-EM15 -> 0 | ER15: =EM15 -> 0 | FC15: =(FB15*F15)/H15 -> 0 | FD15: =IF(E15=0,0,SUMIF('Cocktail (December 2025)'!$F$6:$DB$1547,E15,'Cocktail (December 2025)'!$AJ$6:$AJ$1547)) -> 0 | FE15: =FD15/H15 -> 0 | FF15: =ER15+ES15+ET15+EU15-EV15-EW15-EX15-EY15-EZ15-FA15-FC15-FE15 -> 0 | FG15: =FF15*H15 -> 0 | FH15: =(EW15+EX15+EY15+EZ15+(FA15+((FB15*$F15)/$H15)+FE15))*$L15 -> 0 | FJ15: =FI15-FF15 -> 0 | FK15: =FF15 -> 0 | FV15: =(FU15*F15)/H15 -> 0 | FW15: =IF(E15=0,0,SUMIF('Cocktail (December 2025)'!$F$6:$DB$1547,E15,'Cocktail (December 2025)'!$AM$6:$AM$1547)) -> 0 | FX15: =FW15/H15 -> 0 | FY15: =FK15+FL15+FM15+FN15-FO15-FP15-FQ15-FR15-FS15-FT15-FV15-FX15 -> 0 | FZ15: =FY15*H15 -> 0 | GA15: =(FP15+FQ15+FR15+FS15+(FT15+((FU15*$F15)/$H15)+FX15))*$L15 -> 0 | GC15: =GB15-FY15 -> 0 | GD15: =FY15 -> 0 | GO15: =(GN15*F15)/H15 -> 0 | GP15: =IF(E15=0,0,SUMIF('Cocktail (December 2025)'!$F$6:$DB$1547,E15,'Cocktail (December 2025)'!$AP$6:$AP$1547)) -> 0 | GQ15: =GP15/H15 -> 0 | GR15: =GD15+GE15+GF15+GG15-GH15-GI15-GJ15-GK15-GL15-GM15-GO15-GQ15 -> 0 | GS15: =GR15*H15 -> 0 | GT15: =(GI15+GJ15+GK15+GL15+(GM15+((GN15*$F15)/$H15)+GQ15))*$L15 -> 0 | GV15: =GU15-GR15 -> 0 | GW15: =GR15 -> 0 | HH15: =(HG15*F15)/H15 -> 0 | HI15: =IF(E15=0,0,SUMIF('Cocktail (December 2025)'!$F$6:$DB$1547,E15,'Cocktail (December 2025)'!$AS$6:$AS$1547)) -> 0 | HJ15: =HI15/H15 -> 0 | HK15: =GW15+GX15+GY15+GZ15-HA15-HB15-HC15-HD15-HE15-HF15-HH15-HJ15 -> 0 | HL15: =HK15*H15 -> 0 | HM15: =(HB15+HC15+HD15+HE15+(HF15+((HG15*$F15)/$H15)+HJ15))*$L15 -> 0 | HO15: =HN15-HK15 -> 0 | HP15: =HK15 -> 0 | IA15: =(HZ15*F15)/H15 -> 0 | IB15: =IF(E15=0,0,SUMIF('Cocktail (December 2025)'!$F$6:$DB$1547,E15,'Cocktail (December 2025)'!$AV$6:$AV$1547)) -> 0 | IC15: =IB15/H15 -> 0 | ID15: =HP15+HQ15+HR15+HS15-HT15-HU15-HV15-HW15-HX15-HY15-IA15-IC15 -> 0 | IE15: =ID15*H15 -> 0 | IF15: =(HU15+HV15+HW15+HX15+(HY15+((HZ15*$F15)/$H15)+IC15))*$L15 -> 0 | IH15: =IG15-ID15 -> 0 | II15: =ID15 -> 0 | IT15: =(IS15*F15)/H15 -> 0 | IU15: =IF(E15=0,0,SUMIF('Cocktail (December 2025)'!$F$6:$DB$1547,E15,'Cocktail (December 2025)'!$AY$6:$AY$1547)) -> 0 | IV15: =IU15/H15 -> 0 | IW15: =II15+IJ15+IK15+IL15-IM15-IN15-IO15-IP15-IQ15-IR15-IT15-IV15 -> 0 | IX15: =IW15*H15 -> 0 | IY15: =(IN15+IO15+IP15+IQ15+(IR15+((IS15*$F15)/$H15)+IV15))*$L15 -> 0 | JA15: =IZ15-IW15 -> 0 | JB15: =IW15 -> 0 | JM15: =(JL15*F15)/H15 -> 0 | JN15: =IF(E15=0,0,SUMIF('Cocktail (December 2025)'!$F$6:$DB$1547,E15,'Cocktail (December 2025)'!$BB$6:$BB$1547)) -> 0 | JO15: =JN15/H15 -> 0 | JP15: =JB15+JC15+JD15+JE15-JF15-JG15-JH15-JI15-JJ15-JK15-JM15-JO15 -> 0 | JQ15: =JP15*H15 -> 0 | JR15: =(JG15+JH15+JI15+JJ15+(JK15+((JL15*$F15)/$H15)+JO15))*$L15 -> 0 | JT15: =JS15-JP15 -> 0 | JU15: =JP15 -> 0 | KF15: =(KE15*F15)/H15 -> 0 | KG15: =IF(E15=0,0,SUMIF('Cocktail (December 2025)'!$F$6:$DB$1547,E15,'Cocktail (December 2025)'!$BE$6:$BE$1547)) -> 0 | KH15: =KG15/H15 -> 0 | KI15: =JU15+JV15+JW15+JX15-JY15-JZ15-KA15-KB15-KC15-KD15-KF15-KH15 -> 0 | KJ15: =KI15*H15 -> 0 | KK15: =(JZ15+KA15+KB15+KC15+(KD15+((KE15*$F15)/$H15)+KH15))*$L15 -> 0 | KM15: =KL15-KI15 -> 0 | KN15: =KI15 -> 0 | KY15: =(KX15*F15)/H15 -> 0 | KZ15: =IF(E15=0,0,SUMIF('Cocktail (December 2025)'!$F$6:$DB$1547,E15,'Cocktail (December 2025)'!$BH$6:$BH$1547)) -> 0 | LA15: =KZ15/H15 -> 0 | LB15: =KN15+KO15+KP15+KQ15-KR15-KS15-KT15-KU15-KV15-KW15-KY15-LA15 -> 0 | LC15: =LB15*H15 -> 0 | LD15: =(KS15+KT15+KU15+KV15+(KW15+((KX15*$F15)/$H15)+LA15))*$L15 -> 0 | LF15: =LE15-LB15 -> 0 | LG15: =LB15 -> 0 | LR15: =(LQ15*F15)/H15 -> 0 | LS15: =IF(E15=0,0,SUMIF('Cocktail (December 2025)'!$F$6:$DB$1547,E15,'Cocktail (December 2025)'!$BK$6:$BK$1547)) -> 0 | LT15: =LS15/H15 -> 0 | LU15: =LG15+LH15+LI15+LJ15-LK15-LL15-LM15-LN15-LO15-LP15-LR15-LT15 -> 0 | LV15: =LU15*H15 -> 0 | LW15: =(LL15+LM15+LN15+LO15+(LP15+((LQ15*$F15)/$H15)+LT15))*$L15 -> 0 | LY15: =LX15-LU15 -> 0 | LZ15: =LU15 -> 0 | MK15: =(MJ15*F15)/H15 -> 0 | ML15: =IF(E15=0,0,SUMIF('Cocktail (December 2025)'!$F$6:$DB$1547,E15,'Cocktail (December 2025)'!$BN$6:$BN$1547)) -> 0 | MM15: =ML15/H15 -> 0 | MN15: =LZ15+MA15+MB15+MC15-MD15-ME15-MF15-MG15-MH15-MI15-MK15-MM15 -> 0 | MO15: =MN15*H15 -> 0 | MP15: =(ME15+MF15+MG15+MH15+(MI15+((MJ15*$F15)/$H15)+MM15))*$L15 -> 0 | MR15: =MQ15-MN15 -> 0 | MS15: =MN15 -> 0 | ND15: =(NC15*F15)/H15 -> 0 | NE15: =IF(E15=0,0,SUMIF('Cocktail (December 2025)'!$F$6:$DB$1547,E15,'Cocktail (December 2025)'!$BQ$6:$BQ$1547)) -> 0 | NF15: =NE15/H15 -> 0 | NG15: =MS15+MT15+MU15+MV15-MW15-MX15-MY15-MZ15-NA15-NB15-ND15-NF15 -> 0 | NH15: =NG15*H15 -> 0 | NI15: =(MX15+MY15+MZ15+NA15+(NB15+((NC15*$F15)/$H15)+NF15))*$L15 -> 0 | NK15: =NJ15-NG15 -> 0 | NL15: =NG15 -> 0 | NW15: =(NV15*F15)/H15 -> 0 | NX15: =IF(E15=0,0,SUMIF('Cocktail (December 2025)'!$F$6:$DB$1547,E15,'Cocktail (December 2025)'!$BT$6:$BT$1547)) -> 0 | NY15: =NX15/H15 -> 0 | NZ15: =NL15+NM15+NN15+NO15-NP15-NQ15-NR15-NS15-NT15-NU15-NW15-NY15 -> 0 | OA15: =NZ15*H15 -> 0 | OB15: =(NQ15+NR15+NS15+NT15+(NU15+((NV15*$F15)/$H15)+NY15))*$L15 -> 0 | OD15: =OC15-NZ15 -> 0 | OE15: =NZ15 -> 0 | OP15: =(OO15*F15)/H15 -> 0 | OQ15: =IF(E15=0,0,SUMIF('Cocktail (December 2025)'!$F$6:$DB$1547,E15,'Cocktail (December 2025)'!$BW$6:$BW$1547)) -> 0 | OR15: =OQ15/H15 -> 0 | OS15: =OE15+OF15+OG15+OH15-OI15-OJ15-OK15-OL15-OM15-ON15-OP15-OR15 -> 0 | OT15: =OS15*H15 -> 0 | OU15: =(OJ15+OK15+OL15+OM15+(ON15+((OO15*$F15)/$H15)+OR15))*$L15 -> 0 | OW15: =OV15-OS15 -> 0 | OX15: =OS15 -> 0 | PI15: =(PH15*F15)/H15 -> 0 | PJ15: =IF(E15=0,0,SUMIF('Cocktail (December 2025)'!$F$6:$DB$1547,E15,'Cocktail (December 2025)'!$BZ$6:$BZ$1547)) -> 0 | PK15: =PJ15/H15 -> 0 | PL15: =OX15+OY15+OZ15+PA15-PB15-PC15-PD15-PE15-PF15-PG15-PI15-PK15 -> 0 | PM15: =PL15*H15 -> 0 | PN15: =(PC15+PD15+PE15+PF15+(PG15+((PH15*$F15)/$H15)+PK15))*$L15 -> 0 | PP15: =PO15-PL15 -> 0 | PQ15: =PL15 -> 0 | QB15: =(QA15*F15)/H15 -> 0 | QC15: =IF(E15=0,0,SUMIF('Cocktail (December 2025)'!$F$6:$DB$1547,E15,'Cocktail (December 2025)'!$CC$6:$CC$1547)) -> 0 | QD15: =QC15/H15 -> 0 | QE15: =PQ15+PR15+PS15+PT15-PU15-PV15-PW15-PX15-PY15-PZ15-QB15-QD15 -> 0 | QF15: =QE15*H15 -> 0 | QG15: =(PV15+PW15+PX15+PY15+(PZ15+((QA15*$F15)/$H15)+QD15))*$L15 -> 0 | QI15: =QH15-QE15 -> 0 | QJ15: =QE15 -> 0 | QU15: =(QT15*F15)/H15 -> 0 | QV15: =IF(E15=0,0,SUMIF('Cocktail (December 2025)'!$F$6:$DB$1547,E15,'Cocktail (December 2025)'!$CF$6:$CF$1547)) -> 0 | QW15: =QV15/H15 -> 0 | QX15: =QJ15+QK15+QL15+QM15-QN15-QO15-QP15-QQ15-QR15-QS15-QU15-QW15 -> 0 | QY15: =QX15*H15 -> 0 | QZ15: =(QO15+QP15+QQ15+QR15+(QS15+((QT15*$F15)/$H15)+QW15))*$L15 -> 0 | RB15: =RA15-QX15 -> 0 | RC15: =QX15 -> 0 | RN15: =(RM15*F15)/H15 -> 0 | RO15: =IF(E15=0,0,SUMIF('Cocktail (December 2025)'!$F$6:$DB$1547,E15,'Cocktail (December 2025)'!$CI$6:$CI$1547)) -> 0 | RP15: =RO15/H15 -> 0 | RQ15: =RC15+RD15+RE15+RF15-RG15-RH15-RI15-RJ15-RK15-RL15-RN15-RP15 -> 0 | RR15: =RQ15*H15 -> 0 | RS15: =(RH15+RI15+RJ15+RK15+(RL15+((RM15*$F15)/$H15)+RP15))*$L15 -> 0 | RU15: =RT15-RQ15 -> 0 | RV15: =RQ15 -> 0 | SG15: =(SF15*F15)/H15 -> 0 | SH15: =IF(E15=0,0,SUMIF('Cocktail (December 2025)'!$F$6:$DB$1547,E15,'Cocktail (December 2025)'!$CL$6:$CL$1547)) -> 0 | SI15: =SH15/H15 -> 0 | SJ15: =RV15+RW15+RX15+RY15-RZ15-SA15-SB15-SC15-SD15-SE15-SG15-SI15 -> 0 | SK15: =SJ15*H15 -> 0 | SL15: =(SA15+SB15+SC15+SD15+(SE15+((SF15*$F15)/$H15)+SI15))*$L15 -> 0 | SN15: =SM15-SJ15 -> 0 | SO15: =SJ15 -> 0 | SZ15: =(SY15*F15)/H15 -> 0 | TA15: =IF(E15=0,0,SUMIF('Cocktail (December 2025)'!$F$6:$DB$1547,E15,'Cocktail (December 2025)'!$CO$6:$CO$1547)) -> 0 | TB15: =TA15/H15 -> 0 | TC15: =SO15+SP15+SQ15+SR15-SS15-ST15-SU15-SV15-SW15-SX15-SZ15-TB15 -> 0 | TD15: =TC15*H15 -> 0 | TE15: =(ST15+SU15+SV15+SW15+(SX15+((SY15*$F15)/$H15)+TB15))*$L15 -> 0 | TG15: =TF15-TC15 -> 0 | TH15: =TC15 -> 0 | TS15: =(TR15*F15)/H15 -> 0 | TT15: =IF(E15=0,0,SUMIF('Cocktail (December 2025)'!$F$6:$DB$1547,E15,'Cocktail (December 2025)'!$CR$6:$CR$1547)) -> 0 | TU15: =TT15/H15 -> 0 | TV15: =TH15+TI15+TJ15+TK15-TL15-TM15-TN15-TO15-TP15-TQ15-TS15-TU15 -> 0 | TW15: =TV15*H15 -> 0 | TX15: =(TM15+TN15+TO15+TP15+(TQ15+((TR15*$F15)/$H15)+TU15))*$L15 -> 0 | TZ15: =TY15-TV15 -> 0 | UA15: =TV15 -> 0 | UL15: =(UK15*F15)/H15 -> 0 | UM15: =IF(E15=0,0,SUMIF('Cocktail (December 2025)'!$F$6:$DB$1547,E15,'Cocktail (December 2025)'!$CU$6:$CU$1547)) -> 0 | UN15: =UM15/H15 -> 0 | UO15: =UA15+UB15+UC15+UD15-UE15-UF15-UG15-UH15-UI15-UJ15-UL15-UN15 -> 0 | UP15: =UO15*H15 -> 0 | UQ15: =(UF15+UG15+UH15+UI15+(UJ15+((UK15*$F15)/$H15)+UN15))*$L15 -> 0 | US15: =UR15-UO15 -> 0 | UT15: =UO15 -> 0 | VE15: =(VD15*F15)/H15 -> 0 | VF15: =IF(E15=0,0,SUMIF('Cocktail (December 2025)'!$F$6:$DB$1547,E15,'Cocktail (December 2025)'!$CX$6:$CX$1547)) -> 0 | VG15: =VF15/H15 -> 0 | VH15: =UT15+UU15+UV15+UW15-UX15-UY15-UZ15-VA15-VB15-VC15-VE15-VG15 -> 0 | VI15: =VH15*H15 -> 0 | VJ15: =(UY15+UZ15+VA15+VB15+(VC15+((VD15*$F15)/$H15)+VG15))*$L15 -> 0 | VL15: =VK15-VH15 -> 0 | VM15: =VH15 -> 0 | VX15: =(VW15*F15)/H15 -> 0 | VY15: =IF(E15=0,0,SUMIF('Cocktail (December 2025)'!$F$6:$DB$1547,E15,'Cocktail (December 2025)'!$DA$6:$DA$1547)) -> 0 | VZ15: =VY15/H15 -> 0 | WA15: =VM15+VN15+VO15+VP15-VQ15-VR15-VS15-VT15-VU15-VV15-VX15-VZ15 -> 0 | WB15: =WA15*H15 -> 0 | WC15: =(VR15+VS15+VT15+VU15+(VV15+((VW15*$F15)/$H15)+VZ15))*$L15 -> 0 | WE15: =WD15-WA15 -> 0 | WF15: X | WG15: =O15 -> 0 | WH15: =P15+AI15+BB15+BU15+CN15+DG15+DZ15+ES15+FL15+GE15+GX15+HQ15+IJ15+JC15+JV15+KO15+LH15+MA15+MT15+NM15+OF15+OY15+PR15+QK15+RD15+RW15+SP15+TI15+UB15+UU15+VN15 -> 0 | WI15: =Q15+AJ15+BC15+BV15+CO15+DH15+EA15+ET15+FM15+GF15+GY15+HR15+IK15+JD15+JW15+KP15+LI15+MB15+MU15+NN15+OG15+OZ15+PS15+QL15+RE15+RX15+SQ15+TJ15+UC15+UV15+VO15 -> 0 | WJ15: =R15+AK15+BD15+BW15+CP15+DI15+EB15+EU15+FN15+GG15+GZ15+HS15+IL15+JE15+JX15+KQ15+LJ15+MC15+MV15+NO15+OH15+PA15+PT15+QM15+RF15+RY15+SR15+TK15+UD15+UW15+VP15 -> 0 | WK15: =S15+AL15+BE15+BX15+CQ15+DJ15+EC15+EV15+FO15+GH15+HA15+HT15+IM15+JF15+JY15+KR15+LK15+MD15+MW15+NP15+OI15+PB15+PU15+QN15+RG15+RZ15+SS15+TL15+UE15+UX15+VQ15 -> 0 | WL15: =T15+AM15+BF15+BY15+CR15+DK15+ED15+EW15+FP15+GI15+HB15+HU15+IN15+JG15+JZ15+KS15+LL15+ME15+MX15+NQ15+OJ15+PC15+PV15+QO15+RH15+SA15+ST15+TM15+UF15+UY15+VR15 -> 0 | WM15: =U15+AN15+BG15+BZ15+CS15+DL15+EE15++EX15+FQ15+GJ15+HC15+HV15+IO15+JH15+KA15+KT15+LM15+MF15+MY15+NR15+OK15+PD15+PW15+QP15+RI15+SB15+SU15+TN15+UG15+UZ15+VS15 -> 0 | WN15: =V15+AO15+BH15+CA15+CT15+DM15+EF15+EY15+FR15+GK15+HD15+HW15+IP15+JI15+KB15+KU15+LN15+MG15+MZ15+NS15+OL15+PE15+PX15+QQ15+RJ15+SC15+SV15+TO15+UH15+VA15+VT15 -> 0 | WO15: =W15+AP15+BI15+CB15+CU15+DN15+EG15+EZ15+FS15+GL15+HE15+HX15+IQ15+JJ15+KC15+KV15+LO15+MH15+NA15+NT15+OM15+PF15+PY15+QR15+RK15+SD15+SW15+TP15+UI15+VB15+VU15 -> 0 | WP15: =X15+AQ15+BJ15+CC15+CV15+DO15+EH15+FA15+FT15+GM15+HF15+HY15+IR15+JK15+KD15+KW15+LP15+MI15+NB15+NU15+ON15+PG15+PZ15+QS15+RL15+SE15+SX15+TQ15+UJ15+VC15+VV15 -> 0 | WQ15: =Y15+AR15+BK15+CD15+CW15+DP15+EI15+FB15+FU15+GN15+HG15+HZ15+IS15+JL15+KE15+KX15+LQ15+MJ15+NC15+NV15+OO15+PH15+QA15+QT15+RM15+SF15+SY15+TR15+UK15+VD15+VW15 -> 0 | WR15: =Z15+AS15+BL15+CE15+CX15+DQ15+EJ15+FC15+FV15+GO15+HH15+IA15+IT15+JM15+KF15+KY15+LR15+MK15+ND15+NW15+OP15+PI15+QB15+QU15+RN15+SG15+SZ15+TS15+UL15+VE15+VX15 -> 0 | WS15: =AB15+AU15+BN15+CG15+CZ15+DS15+EL15+FE15+FX15+GQ15+HJ15+IC15+IV15+JO15+KH15+LA15+LT15+MM15+NF15+NY15+OR15+PK15+QD15+QW15+RP15+SI15+TB15+TU15+UN15+VG15+VZ15 -> 0 | WT15: =WA15 -> 0 | WU15: =WB15 -> 0 | WW15: =WV15-WT15 -> 0 | WX15: =WV15/F15 -> 0
A16: =IFERROR(IF(WU16=0,"-","Y"),"-") -> - | C16: 53 | D16: 19 | E16: Hennesy VSOP 700 ml | F16: =IF(E16="","",IF(VLOOKUP(E16,'Master Data (December 2025)'!$B$10:$N$857,1)=E16,VLOOKUP(E16,'Master Data (December 2025)'!$B$10:$N$857,6),"XX")) -> 1 | H16: =IF(E16="","",IF(VLOOKUP(E16,'Master Data (December 2025)'!$B$10:$N$857,1)=E16,VLOOKUP(E16,'Master Data (December 2025)'!$B$10:$N$857,8),"XX")) -> 22 | J16: =IF(E16="","",IF(VLOOKUP(E16,'Master Data (December 2025)'!$B$10:$N$857,1)=E16,VLOOKUP(E16,'Master Data (December 2025)'!$B$10:$N$857,3),"XX")) -> อมฤต | K16: =IF(E16="","",IF(VLOOKUP(E16,'Master Data (December 2025)'!$B$10:$N$857,1)=E16,VLOOKUP(E16,'Master Data (December 2025)'!$B$10:$N$857,5),"XX")) -> Btl 700 ml | L16: =IF(E16="","",IF(VLOOKUP(E16,'Master Data (December 2025)'!$B$10:$N$857,1)=E16,VLOOKUP(E16,'Master Data (December 2025)'!$B$10:$N$857,11),"XX")) -> 2920 | M16: =IF(E16="","",IF(VLOOKUP(E16,'Master Data (December 2025)'!$B$10:$N$857,1)=E16,VLOOKUP(E16,'Master Data (December 2025)'!$B$10:$N$857,13),"XX")) -> 132.72727 | O16: =N16 -> 0 | Z16: =(Y16*F16)/H16 -> 0 | AA16: =IF(E16=0,0,SUMIF('Cocktail (December 2025)'!$F$6:$DB$1547,E16,'Cocktail (December 2025)'!$O$6:$O$1547)) -> 0 | AB16: =AA16/H16 -> 0 | AC16: =O16+P16+Q16+R16-S16-T16-U16-V16-W16-X16-Z16-AB16 -> 0 | AD16: =AC16*H16 -> 0 | AE16: =(T16+U16+V16+W16+(X16+((Y16*$F16)/$H16)+AB16))*$L16 -> 0 | AG16: =AF16-AC16 -> 0 | AH16: =IF(AF16="",AC16,IF(AF16<>0,AF16,0)) -> 0 | AS16: =(AR16*F16)/H16 -> 0 | AT16: =IF(E16=0,0,SUMIF('Cocktail (December 2025)'!$F$6:$DB$1547,E16,'Cocktail (December 2025)'!$R$6:$R$1547)) -> 0 | AU16: =AT16/H16 -> 0 | AV16: =AH16+AI16+AJ16+AK16-AL16-AM16-AN16-AO16-AP16-AQ16-AS16-AU16 -> 0 | AW16: =AV16*H16 -> 0 | AX16: =(AM16+AN16+AO16+AP16+(AQ16+((AR16*$F16)/$H16)+AU16))*$L16 -> 0 | AZ16: =AY16-AV16 -> 0 | BA16: =AV16 -> 0 | BL16: =(BK16*F16)/H16 -> 0 | BM16: =IF(E16=0,0,SUMIF('Cocktail (December 2025)'!$F$6:$DB$1547,E16,'Cocktail (December 2025)'!$U$6:$U$1547)) -> 0 | BN16: =BM16/H16 -> 0 | BO16: =BA16+BB16+BC16+BD16-BE16-BF16-BG16-BH16-BI16-BJ16-BL16-BN16 -> 0 | BP16: =BO16*H16 -> 0 | BQ16: =(BF16+BG16+BH16+BI16+(BJ16+((BK16*$F16)/$H16)+BN16))*$L16 -> 0 | BS16: =BR16-BO16 -> 0 | BT16: =BO16 -> 0 | CE16: =(CD16*F16)/H16 -> 0 | CF16: =IF(E16=0,0,SUMIF('Cocktail (December 2025)'!$F$6:$DB$1547,E16,'Cocktail (December 2025)'!$X$6:$X$1547)) -> 0 | CG16: =CF16/H16 -> 0 | CH16: =BT16+BU16+BV16+BW16-BX16-BY16-BZ16-CA16-CB16-CC16-CE16-CG16 -> 0 | CI16: =CH16*H16 -> 0 | CJ16: =(BY16+BZ16+CA16+CB16+(CC16+((CD16*$F16)/$H16)+CG16))*$L16 -> 0 | CL16: =CK16-CH16 -> 0 | CM16: =CH16 -> 0 | CX16: =(CW16*F16)/H16 -> 0 | CY16: =IF(E16=0,0,SUMIF('Cocktail (December 2025)'!$F$6:$DB$1547,E16,'Cocktail (December 2025)'!$AA$6:$AA$1547)) -> 0 | CZ16: =CY16/H16 -> 0 | DA16: =CM16+CN16+CO16+CP16-CQ16-CR16-CS16-CT16-CU16-CV16-CX16-CZ16 -> 0 | DB16: =DA16*H16 -> 0 | DC16: =(CR16+CS16+CT16+CU16+(CV16+((CW16*$F16)/$H16)+CZ16))*$L16 -> 0 | DE16: =DD16-DA16 -> 0 | DF16: =DA16 -> 0 | DQ16: =(DP16*F16)/H16 -> 0 | DR16: =IF(E16=0,0,SUMIF('Cocktail (December 2025)'!$F$6:$DB$1547,E16,'Cocktail (December 2025)'!$AD$6:$AD$1547)) -> 0 | DS16: =DR16/H16 -> 0 | DT16: =DF16+DG16+DH16+DI16-DJ16-DK16-DL16-DM16-DN16-DO16-DQ16-DS16 -> 0 | DU16: =DT16*H16 -> 0 | DV16: =(DK16+DL16+DM16+DN16+(DO16+((DP16*$F16)/$H16)+DS16))*$L16 -> 0 | DX16: =DW16-DT16 -> 0 | DY16: =DT16 -> 0 | EJ16: =(EI16*F16)/H16 -> 0 | EK16: =IF(E16=0,0,SUMIF('Cocktail (December 2025)'!$F$6:$DB$1547,E16,'Cocktail (December 2025)'!$AG$6:$AG$1547)) -> 0 | EL16: =EK16/H16 -> 0 | EM16: =DY16+DZ16+EA16+EB16-EC16-ED16-EE16-EF16-EG16-EH16-EJ16-EL16 -> 0 | EN16: =EM16*H16 -> 0 | EO16: =(ED16+EE16+EF16+EG16+(EH16+((EI16*$F16)/$H16)+EL16))*$L16 -> 0 | EQ16: =EP16-EM16 -> 0 | ER16: =EM16 -> 0 | FC16: =(FB16*F16)/H16 -> 0 | FD16: =IF(E16=0,0,SUMIF('Cocktail (December 2025)'!$F$6:$DB$1547,E16,'Cocktail (December 2025)'!$AJ$6:$AJ$1547)) -> 0 | FE16: =FD16/H16 -> 0 | FF16: =ER16+ES16+ET16+EU16-EV16-EW16-EX16-EY16-EZ16-FA16-FC16-FE16 -> 0 | FG16: =FF16*H16 -> 0 | FH16: =(EW16+EX16+EY16+EZ16+(FA16+((FB16*$F16)/$H16)+FE16))*$L16 -> 0 | FJ16: =FI16-FF16 -> 0 | FK16: =FF16 -> 0 | FV16: =(FU16*F16)/H16 -> 0 | FW16: =IF(E16=0,0,SUMIF('Cocktail (December 2025)'!$F$6:$DB$1547,E16,'Cocktail (December 2025)'!$AM$6:$AM$1547)) -> 0 | FX16: =FW16/H16 -> 0 | FY16: =FK16+FL16+FM16+FN16-FO16-FP16-FQ16-FR16-FS16-FT16-FV16-FX16 -> 0 | FZ16: =FY16*H16 -> 0 | GA16: =(FP16+FQ16+FR16+FS16+(FT16+((FU16*$F16)/$H16)+FX16))*$L16 -> 0 | GC16: =GB16-FY16 -> 0 | GD16: =FY16 -> 0 | GO16: =(GN16*F16)/H16 -> 0 | GP16: =IF(E16=0,0,SUMIF('Cocktail (December 2025)'!$F$6:$DB$1547,E16,'Cocktail (December 2025)'!$AP$6:$AP$1547)) -> 0 | GQ16: =GP16/H16 -> 0 | GR16: =GD16+GE16+GF16+GG16-GH16-GI16-GJ16-GK16-GL16-GM16-GO16-GQ16 -> 0 | GS16: =GR16*H16 -> 0 | GT16: =(GI16+GJ16+GK16+GL16+(GM16+((GN16*$F16)/$H16)+GQ16))*$L16 -> 0 | GV16: =GU16-GR16 -> 0 | GW16: =GR16 -> 0 | HH16: =(HG16*F16)/H16 -> 0 | HI16: =IF(E16=0,0,SUMIF('Cocktail (December 2025)'!$F$6:$DB$1547,E16,'Cocktail (December 2025)'!$AS$6:$AS$1547)) -> 0 | HJ16: =HI16/H16 -> 0 | HK16: =GW16+GX16+GY16+GZ16-HA16-HB16-HC16-HD16-HE16-HF16-HH16-HJ16 -> 0 | HL16: =HK16*H16 -> 0 | HM16: =(HB16+HC16+HD16+HE16+(HF16+((HG16*$F16)/$H16)+HJ16))*$L16 -> 0 | HO16: =HN16-HK16 -> 0 | HP16: =HK16 -> 0 | IA16: =(HZ16*F16)/H16 -> 0 | IB16: =IF(E16=0,0,SUMIF('Cocktail (December 2025)'!$F$6:$DB$1547,E16,'Cocktail (December 2025)'!$AV$6:$AV$1547)) -> 0 | IC16: =IB16/H16 -> 0 | ID16: =HP16+HQ16+HR16+HS16-HT16-HU16-HV16-HW16-HX16-HY16-IA16-IC16 -> 0 | IE16: =ID16*H16 -> 0 | IF16: =(HU16+HV16+HW16+HX16+(HY16+((HZ16*$F16)/$H16)+IC16))*$L16 -> 0 | IH16: =IG16-ID16 -> 0 | II16: =ID16 -> 0 | IT16: =(IS16*F16)/H16 -> 0 | IU16: =IF(E16=0,0,SUMIF('Cocktail (December 2025)'!$F$6:$DB$1547,E16,'Cocktail (December 2025)'!$AY$6:$AY$1547)) -> 0 | IV16: =IU16/H16 -> 0 | IW16: =II16+IJ16+IK16+IL16-IM16-IN16-IO16-IP16-IQ16-IR16-IT16-IV16 -> 0 | IX16: =IW16*H16 -> 0 | IY16: =(IN16+IO16+IP16+IQ16+(IR16+((IS16*$F16)/$H16)+IV16))*$L16 -> 0 | JA16: =IZ16-IW16 -> 0 | JB16: =IW16 -> 0 | JM16: =(JL16*F16)/H16 -> 0 | JN16: =IF(E16=0,0,SUMIF('Cocktail (December 2025)'!$F$6:$DB$1547,E16,'Cocktail (December 2025)'!$BB$6:$BB$1547)) -> 0 | JO16: =JN16/H16 -> 0 | JP16: =JB16+JC16+JD16+JE16-JF16-JG16-JH16-JI16-JJ16-JK16-JM16-JO16 -> 0 | JQ16: =JP16*H16 -> 0 | JR16: =(JG16+JH16+JI16+JJ16+(JK16+((JL16*$F16)/$H16)+JO16))*$L16 -> 0 | JT16: =JS16-JP16 -> 0 | JU16: =JP16 -> 0 | KF16: =(KE16*F16)/H16 -> 0 | KG16: =IF(E16=0,0,SUMIF('Cocktail (December 2025)'!$F$6:$DB$1547,E16,'Cocktail (December 2025)'!$BE$6:$BE$1547)) -> 0 | KH16: =KG16/H16 -> 0 | KI16: =JU16+JV16+JW16+JX16-JY16-JZ16-KA16-KB16-KC16-KD16-KF16-KH16 -> 0 | KJ16: =KI16*H16 -> 0 | KK16: =(JZ16+KA16+KB16+KC16+(KD16+((KE16*$F16)/$H16)+KH16))*$L16 -> 0 | KM16: =KL16-KI16 -> 0 | KN16: =KI16 -> 0 | KY16: =(KX16*F16)/H16 -> 0 | KZ16: =IF(E16=0,0,SUMIF('Cocktail (December 2025)'!$F$6:$DB$1547,E16,'Cocktail (December 2025)'!$BH$6:$BH$1547)) -> 0 | LA16: =KZ16/H16 -> 0 | LB16: =KN16+KO16+KP16+KQ16-KR16-KS16-KT16-KU16-KV16-KW16-KY16-LA16 -> 0 | LC16: =LB16*H16 -> 0 | LD16: =(KS16+KT16+KU16+KV16+(KW16+((KX16*$F16)/$H16)+LA16))*$L16 -> 0 | LF16: =LE16-LB16 -> 0 | LG16: =LB16 -> 0 | LR16: =(LQ16*F16)/H16 -> 0 | LS16: =IF(E16=0,0,SUMIF('Cocktail (December 2025)'!$F$6:$DB$1547,E16,'Cocktail (December 2025)'!$BK$6:$BK$1547)) -> 0 | LT16: =LS16/H16 -> 0 | LU16: =LG16+LH16+LI16+LJ16-LK16-LL16-LM16-LN16-LO16-LP16-LR16-LT16 -> 0 | LV16: =LU16*H16 -> 0 | LW16: =(LL16+LM16+LN16+LO16+(LP16+((LQ16*$F16)/$H16)+LT16))*$L16 -> 0 | LY16: =LX16-LU16 -> 0 | LZ16: =LU16 -> 0 | MK16: =(MJ16*F16)/H16 -> 0 | ML16: =IF(E16=0,0,SUMIF('Cocktail (December 2025)'!$F$6:$DB$1547,E16,'Cocktail (December 2025)'!$BN$6:$BN$1547)) -> 0 | MM16: =ML16/H16 -> 0 | MN16: =LZ16+MA16+MB16+MC16-MD16-ME16-MF16-MG16-MH16-MI16-MK16-MM16 -> 0 | MO16: =MN16*H16 -> 0 | MP16: =(ME16+MF16+MG16+MH16+(MI16+((MJ16*$F16)/$H16)+MM16))*$L16 -> 0 | MR16: =MQ16-MN16 -> 0 | MS16: =MN16 -> 0 | ND16: =(NC16*F16)/H16 -> 0 | NE16: =IF(E16=0,0,SUMIF('Cocktail (December 2025)'!$F$6:$DB$1547,E16,'Cocktail (December 2025)'!$BQ$6:$BQ$1547)) -> 0 | NF16: =NE16/H16 -> 0 | NG16: =MS16+MT16+MU16+MV16-MW16-MX16-MY16-MZ16-NA16-NB16-ND16-NF16 -> 0 | NH16: =NG16*H16 -> 0 | NI16: =(MX16+MY16+MZ16+NA16+(NB16+((NC16*$F16)/$H16)+NF16))*$L16 -> 0 | NK16: =NJ16-NG16 -> 0 | NL16: =NG16 -> 0 | NW16: =(NV16*F16)/H16 -> 0 | NX16: =IF(E16=0,0,SUMIF('Cocktail (December 2025)'!$F$6:$DB$1547,E16,'Cocktail (December 2025)'!$BT$6:$BT$1547)) -> 0 | NY16: =NX16/H16 -> 0 | NZ16: =NL16+NM16+NN16+NO16-NP16-NQ16-NR16-NS16-NT16-NU16-NW16-NY16 -> 0 | OA16: =NZ16*H16 -> 0 | OB16: =(NQ16+NR16+NS16+NT16+(NU16+((NV16*$F16)/$H16)+NY16))*$L16 -> 0 | OD16: =OC16-NZ16 -> 0 | OE16: =NZ16 -> 0 | OP16: =(OO16*F16)/H16 -> 0 | OQ16: =IF(E16=0,0,SUMIF('Cocktail (December 2025)'!$F$6:$DB$1547,E16,'Cocktail (December 2025)'!$BW$6:$BW$1547)) -> 0 | OR16: =OQ16/H16 -> 0 | OS16: =OE16+OF16+OG16+OH16-OI16-OJ16-OK16-OL16-OM16-ON16-OP16-OR16 -> 0 | OT16: =OS16*H16 -> 0 | OU16: =(OJ16+OK16+OL16+OM16+(ON16+((OO16*$F16)/$H16)+OR16))*$L16 -> 0 | OW16: =OV16-OS16 -> 0 | OX16: =OS16 -> 0 | PI16: =(PH16*F16)/H16 -> 0 | PJ16: =IF(E16=0,0,SUMIF('Cocktail (December 2025)'!$F$6:$DB$1547,E16,'Cocktail (December 2025)'!$BZ$6:$BZ$1547)) -> 0 | PK16: =PJ16/H16 -> 0 | PL16: =OX16+OY16+OZ16+PA16-PB16-PC16-PD16-PE16-PF16-PG16-PI16-PK16 -> 0 | PM16: =PL16*H16 -> 0 | PN16: =(PC16+PD16+PE16+PF16+(PG16+((PH16*$F16)/$H16)+PK16))*$L16 -> 0 | PP16: =PO16-PL16 -> 0 | PQ16: =PL16 -> 0 | QB16: =(QA16*F16)/H16 -> 0 | QC16: =IF(E16=0,0,SUMIF('Cocktail (December 2025)'!$F$6:$DB$1547,E16,'Cocktail (December 2025)'!$CC$6:$CC$1547)) -> 0 | QD16: =QC16/H16 -> 0 | QE16: =PQ16+PR16+PS16+PT16-PU16-PV16-PW16-PX16-PY16-PZ16-QB16-QD16 -> 0 | QF16: =QE16*H16 -> 0 | QG16: =(PV16+PW16+PX16+PY16+(PZ16+((QA16*$F16)/$H16)+QD16))*$L16 -> 0 | QI16: =QH16-QE16 -> 0 | QJ16: =QE16 -> 0 | QU16: =(QT16*F16)/H16 -> 0 | QV16: =IF(E16=0,0,SUMIF('Cocktail (December 2025)'!$F$6:$DB$1547,E16,'Cocktail (December 2025)'!$CF$6:$CF$1547)) -> 0 | QW16: =QV16/H16 -> 0 | QX16: =QJ16+QK16+QL16+QM16-QN16-QO16-QP16-QQ16-QR16-QS16-QU16-QW16 -> 0 | QY16: =QX16*H16 -> 0 | QZ16: =(QO16+QP16+QQ16+QR16+(QS16+((QT16*$F16)/$H16)+QW16))*$L16 -> 0 | RB16: =RA16-QX16 -> 0 | RC16: =QX16 -> 0 | RN16: =(RM16*F16)/H16 -> 0 | RO16: =IF(E16=0,0,SUMIF('Cocktail (December 2025)'!$F$6:$DB$1547,E16,'Cocktail (December 2025)'!$CI$6:$CI$1547)) -> 0 | RP16: =RO16/H16 -> 0 | RQ16: =RC16+RD16+RE16+RF16-RG16-RH16-RI16-RJ16-RK16-RL16-RN16-RP16 -> 0 | RR16: =RQ16*H16 -> 0 | RS16: =(RH16+RI16+RJ16+RK16+(RL16+((RM16*$F16)/$H16)+RP16))*$L16 -> 0 | RU16: =RT16-RQ16 -> 0 | RV16: =RQ16 -> 0 | SG16: =(SF16*F16)/H16 -> 0 | SH16: =IF(E16=0,0,SUMIF('Cocktail (December 2025)'!$F$6:$DB$1547,E16,'Cocktail (December 2025)'!$CL$6:$CL$1547)) -> 0 | SI16: =SH16/H16 -> 0 | SJ16: =RV16+RW16+RX16+RY16-RZ16-SA16-SB16-SC16-SD16-SE16-SG16-SI16 -> 0 | SK16: =SJ16*H16 -> 0 | SL16: =(SA16+SB16+SC16+SD16+(SE16+((SF16*$F16)/$H16)+SI16))*$L16 -> 0 | SN16: =SM16-SJ16 -> 0 | SO16: =SJ16 -> 0 | SZ16: =(SY16*F16)/H16 -> 0 | TA16: =IF(E16=0,0,SUMIF('Cocktail (December 2025)'!$F$6:$DB$1547,E16,'Cocktail (December 2025)'!$CO$6:$CO$1547)) -> 0 | TB16: =TA16/H16 -> 0 | TC16: =SO16+SP16+SQ16+SR16-SS16-ST16-SU16-SV16-SW16-SX16-SZ16-TB16 -> 0 | TD16: =TC16*H16 -> 0 | TE16: =(ST16+SU16+SV16+SW16+(SX16+((SY16*$F16)/$H16)+TB16))*$L16 -> 0 | TG16: =TF16-TC16 -> 0 | TH16: =TC16 -> 0 | TS16: =(TR16*F16)/H16 -> 0 | TT16: =IF(E16=0,0,SUMIF('Cocktail (December 2025)'!$F$6:$DB$1547,E16,'Cocktail (December 2025)'!$CR$6:$CR$1547)) -> 0 | TU16: =TT16/H16 -> 0 | TV16: =TH16+TI16+TJ16+TK16-TL16-TM16-TN16-TO16-TP16-TQ16-TS16-TU16 -> 0 | TW16: =TV16*H16 -> 0 | TX16: =(TM16+TN16+TO16+TP16+(TQ16+((TR16*$F16)/$H16)+TU16))*$L16 -> 0 | TZ16: =TY16-TV16 -> 0 | UA16: =TV16 -> 0 | UL16: =(UK16*F16)/H16 -> 0 | UM16: =IF(E16=0,0,SUMIF('Cocktail (December 2025)'!$F$6:$DB$1547,E16,'Cocktail (December 2025)'!$CU$6:$CU$1547)) -> 0 | UN16: =UM16/H16 -> 0 | UO16: =UA16+UB16+UC16+UD16-UE16-UF16-UG16-UH16-UI16-UJ16-UL16-UN16 -> 0 | UP16: =UO16*H16 -> 0 | UQ16: =(UF16+UG16+UH16+UI16+(UJ16+((UK16*$F16)/$H16)+UN16))*$L16 -> 0 | US16: =UR16-UO16 -> 0 | UT16: =UO16 -> 0 | VE16: =(VD16*F16)/H16 -> 0 | VF16: =IF(E16=0,0,SUMIF('Cocktail (December 2025)'!$F$6:$DB$1547,E16,'Cocktail (December 2025)'!$CX$6:$CX$1547)) -> 0 | VG16: =VF16/H16 -> 0 | VH16: =UT16+UU16+UV16+UW16-UX16-UY16-UZ16-VA16-VB16-VC16-VE16-VG16 -> 0 | VI16: =VH16*H16 -> 0 | VJ16: =(UY16+UZ16+VA16+VB16+(VC16+((VD16*$F16)/$H16)+VG16))*$L16 -> 0 | VL16: =VK16-VH16 -> 0 | VM16: =VH16 -> 0 | VX16: =(VW16*F16)/H16 -> 0 | VY16: =IF(E16=0,0,SUMIF('Cocktail (December 2025)'!$F$6:$DB$1547,E16,'Cocktail (December 2025)'!$DA$6:$DA$1547)) -> 0 | VZ16: =VY16/H16 -> 0 | WA16: =VM16+VN16+VO16+VP16-VQ16-VR16-VS16-VT16-VU16-VV16-VX16-VZ16 -> 0 | WB16: =WA16*H16 -> 0 | WC16: =(VR16+VS16+VT16+VU16+(VV16+((VW16*$F16)/$H16)+VZ16))*$L16 -> 0 | WE16: =WD16-WA16 -> 0 | WF16: X | WG16: =O16 -> 0 | WH16: =P16+AI16+BB16+BU16+CN16+DG16+DZ16+ES16+FL16+GE16+GX16+HQ16+IJ16+JC16+JV16+KO16+LH16+MA16+MT16+NM16+OF16+OY16+PR16+QK16+RD16+RW16+SP16+TI16+UB16+UU16+VN16 -> 0 | WI16: =Q16+AJ16+BC16+BV16+CO16+DH16+EA16+ET16+FM16+GF16+GY16+HR16+IK16+JD16+JW16+KP16+LI16+MB16+MU16+NN16+OG16+OZ16+PS16+QL16+RE16+RX16+SQ16+TJ16+UC16+UV16+VO16 -> 0 | WJ16: =R16+AK16+BD16+BW16+CP16+DI16+EB16+EU16+FN16+GG16+GZ16+HS16+IL16+JE16+JX16+KQ16+LJ16+MC16+MV16+NO16+OH16+PA16+PT16+QM16+RF16+RY16+SR16+TK16+UD16+UW16+VP16 -> 0 | WK16: =S16+AL16+BE16+BX16+CQ16+DJ16+EC16+EV16+FO16+GH16+HA16+HT16+IM16+JF16+JY16+KR16+LK16+MD16+MW16+NP16+OI16+PB16+PU16+QN16+RG16+RZ16+SS16+TL16+UE16+UX16+VQ16 -> 0 | WL16: =T16+AM16+BF16+BY16+CR16+DK16+ED16+EW16+FP16+GI16+HB16+HU16+IN16+JG16+JZ16+KS16+LL16+ME16+MX16+NQ16+OJ16+PC16+PV16+QO16+RH16+SA16+ST16+TM16+UF16+UY16+VR16 -> 0 | WM16: =U16+AN16+BG16+BZ16+CS16+DL16+EE16++EX16+FQ16+GJ16+HC16+HV16+IO16+JH16+KA16+KT16+LM16+MF16+MY16+NR16+OK16+PD16+PW16+QP16+RI16+SB16+SU16+TN16+UG16+UZ16+VS16 -> 0 | WN16: =V16+AO16+BH16+CA16+CT16+DM16+EF16+EY16+FR16+GK16+HD16+HW16+IP16+JI16+KB16+KU16+LN16+MG16+MZ16+NS16+OL16+PE16+PX16+QQ16+RJ16+SC16+SV16+TO16+UH16+VA16+VT16 -> 0 | WO16: =W16+AP16+BI16+CB16+CU16+DN16+EG16+EZ16+FS16+GL16+HE16+HX16+IQ16+JJ16+KC16+KV16+LO16+MH16+NA16+NT16+OM16+PF16+PY16+QR16+RK16+SD16+SW16+TP16+UI16+VB16+VU16 -> 0 | WP16: =X16+AQ16+BJ16+CC16+CV16+DO16+EH16+FA16+FT16+GM16+HF16+HY16+IR16+JK16+KD16+KW16+LP16+MI16+NB16+NU16+ON16+PG16+PZ16+QS16+RL16+SE16+SX16+TQ16+UJ16+VC16+VV16 -> 0 | WQ16: =Y16+AR16+BK16+CD16+CW16+DP16+EI16+FB16+FU16+GN16+HG16+HZ16+IS16+JL16+KE16+KX16+LQ16+MJ16+NC16+NV16+OO16+PH16+QA16+QT16+RM16+SF16+SY16+TR16+UK16+VD16+VW16 -> 0 | WR16: =Z16+AS16+BL16+CE16+CX16+DQ16+EJ16+FC16+FV16+GO16+HH16+IA16+IT16+JM16+KF16+KY16+LR16+MK16+ND16+NW16+OP16+PI16+QB16+QU16+RN16+SG16+SZ16+TS16+UL16+VE16+VX16 -> 0 | WS16: =AB16+AU16+BN16+CG16+CZ16+DS16+EL16+FE16+FX16+GQ16+HJ16+IC16+IV16+JO16+KH16+LA16+LT16+MM16+NF16+NY16+OR16+PK16+QD16+QW16+RP16+SI16+TB16+TU16+UN16+VG16+VZ16 -> 0 | WT16: =WA16 -> 0 | WU16: =WB16 -> 0 | WW16: =WV16-WT16 -> 0 | WX16: =WV16/F16 -> 0
A17: =IFERROR(IF(WU17=0,"-","Y"),"-") -> - | C17: 43 | D17: 21 | E17: Pisco 700 ml | F17: =IF(E17="","",IF(VLOOKUP(E17,'Master Data (December 2025)'!$B$10:$N$857,1)=E17,VLOOKUP(E17,'Master Data (December 2025)'!$B$10:$N$857,6),"XX")) -> 1 | H17: =IF(E17="","",IF(VLOOKUP(E17,'Master Data (December 2025)'!$B$10:$N$857,1)=E17,VLOOKUP(E17,'Master Data (December 2025)'!$B$10:$N$857,8),"XX")) -> 22 | J17: =IF(E17="","",IF(VLOOKUP(E17,'Master Data (December 2025)'!$B$10:$N$857,1)=E17,VLOOKUP(E17,'Master Data (December 2025)'!$B$10:$N$857,3),"XX")) -> สมภพ | K17: =IF(E17="","",IF(VLOOKUP(E17,'Master Data (December 2025)'!$B$10:$N$857,1)=E17,VLOOKUP(E17,'Master Data (December 2025)'!$B$10:$N$857,5),"XX")) -> Btl 700 ml | L17: =IF(E17="","",IF(VLOOKUP(E17,'Master Data (December 2025)'!$B$10:$N$857,1)=E17,VLOOKUP(E17,'Master Data (December 2025)'!$B$10:$N$857,11),"XX")) -> 1100 | M17: =IF(E17="","",IF(VLOOKUP(E17,'Master Data (December 2025)'!$B$10:$N$857,1)=E17,VLOOKUP(E17,'Master Data (December 2025)'!$B$10:$N$857,13),"XX")) -> 50 | O17: =N17 -> 0 | Z17: =(Y17*F17)/H17 -> 0 | AA17: =IF(E17=0,0,SUMIF('Cocktail (December 2025)'!$F$6:$DB$1547,E17,'Cocktail (December 2025)'!$O$6:$O$1547)) -> 0 | AB17: =AA17/H17 -> 0 | AC17: =O17+P17+Q17+R17-S17-T17-U17-V17-W17-X17-Z17-AB17 -> 0 | AD17: =AC17*H17 -> 0 | AE17: =(T17+U17+V17+W17+(X17+((Y17*$F17)/$H17)+AB17))*$L17 -> 0 | AG17: =AF17-AC17 -> 0 | AH17: =IF(AF17="",AC17,IF(AF17<>0,AF17,0)) -> 0 | AS17: =(AR17*F17)/H17 -> 0 | AT17: =IF(E17=0,0,SUMIF('Cocktail (December 2025)'!$F$6:$DB$1547,E17,'Cocktail (December 2025)'!$R$6:$R$1547)) -> 0 | AU17: =AT17/H17 -> 0 | AV17: =AH17+AI17+AJ17+AK17-AL17-AM17-AN17-AO17-AP17-AQ17-AS17-AU17 -> 0 | AW17: =AV17*H17 -> 0 | AX17: =(AM17+AN17+AO17+AP17+(AQ17+((AR17*$F17)/$H17)+AU17))*$L17 -> 0 | AZ17: =AY17-AV17 -> 0 | BA17: =AV17 -> 0 | BL17: =(BK17*F17)/H17 -> 0 | BM17: =IF(E17=0,0,SUMIF('Cocktail (December 2025)'!$F$6:$DB$1547,E17,'Cocktail (December 2025)'!$U$6:$U$1547)) -> 0 | BN17: =BM17/H17 -> 0 | BO17: =BA17+BB17+BC17+BD17-BE17-BF17-BG17-BH17-BI17-BJ17-BL17-BN17 -> 0 | BP17: =BO17*H17 -> 0 | BQ17: =(BF17+BG17+BH17+BI17+(BJ17+((BK17*$F17)/$H17)+BN17))*$L17 -> 0 | BS17: =BR17-BO17 -> 0 | BT17: =BO17 -> 0 | CE17: =(CD17*F17)/H17 -> 0 | CF17: =IF(E17=0,0,SUMIF('Cocktail (December 2025)'!$F$6:$DB$1547,E17,'Cocktail (December 2025)'!$X$6:$X$1547)) -> 0 | CG17: =CF17/H17 -> 0 | CH17: =BT17+BU17+BV17+BW17-BX17-BY17-BZ17-CA17-CB17-CC17-CE17-CG17 -> 0 | CI17: =CH17*H17 -> 0 | CJ17: =(BY17+BZ17+CA17+CB17+(CC17+((CD17*$F17)/$H17)+CG17))*$L17 -> 0 | CL17: =CK17-CH17 -> 0 | CM17: =CH17 -> 0 | CX17: =(CW17*F17)/H17 -> 0 | CY17: =IF(E17=0,0,SUMIF('Cocktail (December 2025)'!$F$6:$DB$1547,E17,'Cocktail (December 2025)'!$AA$6:$AA$1547)) -> 0 | CZ17: =CY17/H17 -> 0 | DA17: =CM17+CN17+CO17+CP17-CQ17-CR17-CS17-CT17-CU17-CV17-CX17-CZ17 -> 0 | DB17: =DA17*H17 -> 0 | DC17: =(CR17+CS17+CT17+CU17+(CV17+((CW17*$F17)/$H17)+CZ17))*$L17 -> 0 | DE17: =DD17-DA17 -> 0 | DF17: =DA17 -> 0 | DQ17: =(DP17*F17)/H17 -> 0 | DR17: =IF(E17=0,0,SUMIF('Cocktail (December 2025)'!$F$6:$DB$1547,E17,'Cocktail (December 2025)'!$AD$6:$AD$1547)) -> 0 | DS17: =DR17/H17 -> 0 | DT17: =DF17+DG17+DH17+DI17-DJ17-DK17-DL17-DM17-DN17-DO17-DQ17-DS17 -> 0 | DU17: =DT17*H17 -> 0 | DV17: =(DK17+DL17+DM17+DN17+(DO17+((DP17*$F17)/$H17)+DS17))*$L17 -> 0 | DX17: =DW17-DT17 -> 0 | DY17: =DT17 -> 0 | EJ17: =(EI17*F17)/H17 -> 0 | EK17: =IF(E17=0,0,SUMIF('Cocktail (December 2025)'!$F$6:$DB$1547,E17,'Cocktail (December 2025)'!$AG$6:$AG$1547)) -> 0 | EL17: =EK17/H17 -> 0 | EM17: =DY17+DZ17+EA17+EB17-EC17-ED17-EE17-EF17-EG17-EH17-EJ17-EL17 -> 0 | EN17: =EM17*H17 -> 0 | EO17: =(ED17+EE17+EF17+EG17+(EH17+((EI17*$F17)/$H17)+EL17))*$L17 -> 0 | EQ17: =EP17-EM17 -> 0 | ER17: =EM17 -> 0 | FC17: =(FB17*F17)/H17 -> 0 | FD17: =IF(E17=0,0,SUMIF('Cocktail (December 2025)'!$F$6:$DB$1547,E17,'Cocktail (December 2025)'!$AJ$6:$AJ$1547)) -> 0 | FE17: =FD17/H17 -> 0 | FF17: =ER17+ES17+ET17+EU17-EV17-EW17-EX17-EY17-EZ17-FA17-FC17-FE17 -> 0 | FG17: =FF17*H17 -> 0 | FH17: =(EW17+EX17+EY17+EZ17+(FA17+((FB17*$F17)/$H17)+FE17))*$L17 -> 0 | FJ17: =FI17-FF17 -> 0 | FK17: =FF17 -> 0 | FV17: =(FU17*F17)/H17 -> 0 | FW17: =IF(E17=0,0,SUMIF('Cocktail (December 2025)'!$F$6:$DB$1547,E17,'Cocktail (December 2025)'!$AM$6:$AM$1547)) -> 0 | FX17: =FW17/H17 -> 0 | FY17: =FK17+FL17+FM17+FN17-FO17-FP17-FQ17-FR17-FS17-FT17-FV17-FX17 -> 0 | FZ17: =FY17*H17 -> 0 | GA17: =(FP17+FQ17+FR17+FS17+(FT17+((FU17*$F17)/$H17)+FX17))*$L17 -> 0 | GC17: =GB17-FY17 -> 0 | GD17: =FY17 -> 0 | GO17: =(GN17*F17)/H17 -> 0 | GP17: =IF(E17=0,0,SUMIF('Cocktail (December 2025)'!$F$6:$DB$1547,E17,'Cocktail (December 2025)'!$AP$6:$AP$1547)) -> 0 | GQ17: =GP17/H17 -> 0 | GR17: =GD17+GE17+GF17+GG17-GH17-GI17-GJ17-GK17-GL17-GM17-GO17-GQ17 -> 0 | GS17: =GR17*H17 -> 0 | GT17: =(GI17+GJ17+GK17+GL17+(GM17+((GN17*$F17)/$H17)+GQ17))*$L17 -> 0 | GV17: =GU17-GR17 -> 0 | GW17: =GR17 -> 0 | HH17: =(HG17*F17)/H17 -> 0 | HI17: =IF(E17=0,0,SUMIF('Cocktail (December 2025)'!$F$6:$DB$1547,E17,'Cocktail (December 2025)'!$AS$6:$AS$1547)) -> 0 | HJ17: =HI17/H17 -> 0 | HK17: =GW17+GX17+GY17+GZ17-HA17-HB17-HC17-HD17-HE17-HF17-HH17-HJ17 -> 0 | HL17: =HK17*H17 -> 0 | HM17: =(HB17+HC17+HD17+HE17+(HF17+((HG17*$F17)/$H17)+HJ17))*$L17 -> 0 | HO17: =HN17-HK17 -> 0 | HP17: =HK17 -> 0 | IA17: =(HZ17*F17)/H17 -> 0 | IB17: =IF(E17=0,0,SUMIF('Cocktail (December 2025)'!$F$6:$DB$1547,E17,'Cocktail (December 2025)'!$AV$6:$AV$1547)) -> 0 | IC17: =IB17/H17 -> 0 | ID17: =HP17+HQ17+HR17+HS17-HT17-HU17-HV17-HW17-HX17-HY17-IA17-IC17 -> 0 | IE17: =ID17*H17 -> 0 | IF17: =(HU17+HV17+HW17+HX17+(HY17+((HZ17*$F17)/$H17)+IC17))*$L17 -> 0 | IH17: =IG17-ID17 -> 0 | II17: =ID17 -> 0 | IT17: =(IS17*F17)/H17 -> 0 | IU17: =IF(E17=0,0,SUMIF('Cocktail (December 2025)'!$F$6:$DB$1547,E17,'Cocktail (December 2025)'!$AY$6:$AY$1547)) -> 0 | IV17: =IU17/H17 -> 0 | IW17: =II17+IJ17+IK17+IL17-IM17-IN17-IO17-IP17-IQ17-IR17-IT17-IV17 -> 0 | IX17: =IW17*H17 -> 0 | IY17: =(IN17+IO17+IP17+IQ17+(IR17+((IS17*$F17)/$H17)+IV17))*$L17 -> 0 | JA17: =IZ17-IW17 -> 0 | JB17: =IW17 -> 0 | JM17: =(JL17*F17)/H17 -> 0 | JN17: =IF(E17=0,0,SUMIF('Cocktail (December 2025)'!$F$6:$DB$1547,E17,'Cocktail (December 2025)'!$BB$6:$BB$1547)) -> 0 | JO17: =JN17/H17 -> 0 | JP17: =JB17+JC17+JD17+JE17-JF17-JG17-JH17-JI17-JJ17-JK17-JM17-JO17 -> 0 | JQ17: =JP17*H17 -> 0 | JR17: =(JG17+JH17+JI17+JJ17+(JK17+((JL17*$F17)/$H17)+JO17))*$L17 -> 0 | JT17: =JS17-JP17 -> 0 | JU17: =JP17 -> 0 | KF17: =(KE17*F17)/H17 -> 0 | KG17: =IF(E17=0,0,SUMIF('Cocktail (December 2025)'!$F$6:$DB$1547,E17,'Cocktail (December 2025)'!$BE$6:$BE$1547)) -> 0 | KH17: =KG17/H17 -> 0 | KI17: =JU17+JV17+JW17+JX17-JY17-JZ17-KA17-KB17-KC17-KD17-KF17-KH17 -> 0 | KJ17: =KI17*H17 -> 0 | KK17: =(JZ17+KA17+KB17+KC17+(KD17+((KE17*$F17)/$H17)+KH17))*$L17 -> 0 | KM17: =KL17-KI17 -> 0 | KN17: =KI17 -> 0 | KY17: =(KX17*F17)/H17 -> 0 | KZ17: =IF(E17=0,0,SUMIF('Cocktail (December 2025)'!$F$6:$DB$1547,E17,'Cocktail (December 2025)'!$BH$6:$BH$1547)) -> 0 | LA17: =KZ17/H17 -> 0 | LB17: =KN17+KO17+KP17+KQ17-KR17-KS17-KT17-KU17-KV17-KW17-KY17-LA17 -> 0 | LC17: =LB17*H17 -> 0 | LD17: =(KS17+KT17+KU17+KV17+(KW17+((KX17*$F17)/$H17)+LA17))*$L17 -> 0 | LF17: =LE17-LB17 -> 0 | LG17: =LB17 -> 0 | LR17: =(LQ17*F17)/H17 -> 0 | LS17: =IF(E17=0,0,SUMIF('Cocktail (December 2025)'!$F$6:$DB$1547,E17,'Cocktail (December 2025)'!$BK$6:$BK$1547)) -> 0 | LT17: =LS17/H17 -> 0 | LU17: =LG17+LH17+LI17+LJ17-LK17-LL17-LM17-LN17-LO17-LP17-LR17-LT17 -> 0 | LV17: =LU17*H17 -> 0 | LW17: =(LL17+LM17+LN17+LO17+(LP17+((LQ17*$F17)/$H17)+LT17))*$L17 -> 0 | LY17: =LX17-LU17 -> 0 | LZ17: =LU17 -> 0 | MK17: =(MJ17*F17)/H17 -> 0 | ML17: =IF(E17=0,0,SUMIF('Cocktail (December 2025)'!$F$6:$DB$1547,E17,'Cocktail (December 2025)'!$BN$6:$BN$1547)) -> 0 | MM17: =ML17/H17 -> 0 | MN17: =LZ17+MA17+MB17+MC17-MD17-ME17-MF17-MG17-MH17-MI17-MK17-MM17 -> 0 | MO17: =MN17*H17 -> 0 | MP17: =(ME17+MF17+MG17+MH17+(MI17+((MJ17*$F17)/$H17)+MM17))*$L17 -> 0 | MR17: =MQ17-MN17 -> 0 | MS17: =MN17 -> 0 | ND17: =(NC17*F17)/H17 -> 0 | NE17: =IF(E17=0,0,SUMIF('Cocktail (December 2025)'!$F$6:$DB$1547,E17,'Cocktail (December 2025)'!$BQ$6:$BQ$1547)) -> 0 | NF17: =NE17/H17 -> 0 | NG17: =MS17+MT17+MU17+MV17-MW17-MX17-MY17-MZ17-NA17-NB17-ND17-NF17 -> 0 | NH17: =NG17*H17 -> 0 | NI17: =(MX17+MY17+MZ17+NA17+(NB17+((NC17*$F17)/$H17)+NF17))*$L17 -> 0 | NK17: =NJ17-NG17 -> 0 | NL17: =NG17 -> 0 | NW17: =(NV17*F17)/H17 -> 0 | NX17: =IF(E17=0,0,SUMIF('Cocktail (December 2025)'!$F$6:$DB$1547,E17,'Cocktail (December 2025)'!$BT$6:$BT$1547)) -> 0 | NY17: =NX17/H17 -> 0 | NZ17: =NL17+NM17+NN17+NO17-NP17-NQ17-NR17-NS17-NT17-NU17-NW17-NY17 -> 0 | OA17: =NZ17*H17 -> 0 | OB17: =(NQ17+NR17+NS17+NT17+(NU17+((NV17*$F17)/$H17)+NY17))*$L17 -> 0 | OD17: =OC17-NZ17 -> 0 | OE17: =NZ17 -> 0 | OP17: =(OO17*F17)/H17 -> 0 | OQ17: =IF(E17=0,0,SUMIF('Cocktail (December 2025)'!$F$6:$DB$1547,E17,'Cocktail (December 2025)'!$BW$6:$BW$1547)) -> 0 | OR17: =OQ17/H17 -> 0 | OS17: =OE17+OF17+OG17+OH17-OI17-OJ17-OK17-OL17-OM17-ON17-OP17-OR17 -> 0 | OT17: =OS17*H17 -> 0 | OU17: =(OJ17+OK17+OL17+OM17+(ON17+((OO17*$F17)/$H17)+OR17))*$L17 -> 0 | OW17: =OV17-OS17 -> 0 | OX17: =OS17 -> 0 | PI17: =(PH17*F17)/H17 -> 0 | PJ17: =IF(E17=0,0,SUMIF('Cocktail (December 2025)'!$F$6:$DB$1547,E17,'Cocktail (December 2025)'!$BZ$6:$BZ$1547)) -> 0 | PK17: =PJ17/H17 -> 0 | PL17: =OX17+OY17+OZ17+PA17-PB17-PC17-PD17-PE17-PF17-PG17-PI17-PK17 -> 0 | PM17: =PL17*H17 -> 0 | PN17: =(PC17+PD17+PE17+PF17+(PG17+((PH17*$F17)/$H17)+PK17))*$L17 -> 0 | PP17: =PO17-PL17 -> 0 | PQ17: =PL17 -> 0 | QB17: =(QA17*F17)/H17 -> 0 | QC17: =IF(E17=0,0,SUMIF('Cocktail (December 2025)'!$F$6:$DB$1547,E17,'Cocktail (December 2025)'!$CC$6:$CC$1547)) -> 0 | QD17: =QC17/H17 -> 0 | QE17: =PQ17+PR17+PS17+PT17-PU17-PV17-PW17-PX17-PY17-PZ17-QB17-QD17 -> 0 | QF17: =QE17*H17 -> 0 | QG17: =(PV17+PW17+PX17+PY17+(PZ17+((QA17*$F17)/$H17)+QD17))*$L17 -> 0 | QI17: =QH17-QE17 -> 0 | QJ17: =QE17 -> 0 | QU17: =(QT17*F17)/H17 -> 0 | QV17: =IF(E17=0,0,SUMIF('Cocktail (December 2025)'!$F$6:$DB$1547,E17,'Cocktail (December 2025)'!$CF$6:$CF$1547)) -> 0 | QW17: =QV17/H17 -> 0 | QX17: =QJ17+QK17+QL17+QM17-QN17-QO17-QP17-QQ17-QR17-QS17-QU17-QW17 -> 0 | QY17: =QX17*H17 -> 0 | QZ17: =(QO17+QP17+QQ17+QR17+(QS17+((QT17*$F17)/$H17)+QW17))*$L17 -> 0 | RB17: =RA17-QX17 -> 0 | RC17: =QX17 -> 0 | RN17: =(RM17*F17)/H17 -> 0 | RO17: =IF(E17=0,0,SUMIF('Cocktail (December 2025)'!$F$6:$DB$1547,E17,'Cocktail (December 2025)'!$CI$6:$CI$1547)) -> 0 | RP17: =RO17/H17 -> 0 | RQ17: =RC17+RD17+RE17+RF17-RG17-RH17-RI17-RJ17-RK17-RL17-RN17-RP17 -> 0 | RR17: =RQ17*H17 -> 0 | RS17: =(RH17+RI17+RJ17+RK17+(RL17+((RM17*$F17)/$H17)+RP17))*$L17 -> 0 | RU17: =RT17-RQ17 -> 0 | RV17: =RQ17 -> 0 | SG17: =(SF17*F17)/H17 -> 0 | SH17: =IF(E17=0,0,SUMIF('Cocktail (December 2025)'!$F$6:$DB$1547,E17,'Cocktail (December 2025)'!$CL$6:$CL$1547)) -> 0 | SI17: =SH17/H17 -> 0 | SJ17: =RV17+RW17+RX17+RY17-RZ17-SA17-SB17-SC17-SD17-SE17-SG17-SI17 -> 0 | SK17: =SJ17*H17 -> 0 | SL17: =(SA17+SB17+SC17+SD17+(SE17+((SF17*$F17)/$H17)+SI17))*$L17 -> 0 | SN17: =SM17-SJ17 -> 0 | SO17: =SJ17 -> 0 | SZ17: =(SY17*F17)/H17 -> 0 | TA17: =IF(E17=0,0,SUMIF('Cocktail (December 2025)'!$F$6:$DB$1547,E17,'Cocktail (December 2025)'!$CO$6:$CO$1547)) -> 0 | TB17: =TA17/H17 -> 0 | TC17: =SO17+SP17+SQ17+SR17-SS17-ST17-SU17-SV17-SW17-SX17-SZ17-TB17 -> 0 | TD17: =TC17*H17 -> 0 | TE17: =(ST17+SU17+SV17+SW17+(SX17+((SY17*$F17)/$H17)+TB17))*$L17 -> 0 | TG17: =TF17-TC17 -> 0 | TH17: =TC17 -> 0 | TS17: =(TR17*F17)/H17 -> 0 | TT17: =IF(E17=0,0,SUMIF('Cocktail (December 2025)'!$F$6:$DB$1547,E17,'Cocktail (December 2025)'!$CR$6:$CR$1547)) -> 0 | TU17: =TT17/H17 -> 0 | TV17: =TH17+TI17+TJ17+TK17-TL17-TM17-TN17-TO17-TP17-TQ17-TS17-TU17 -> 0 | TW17: =TV17*H17 -> 0 | TX17: =(TM17+TN17+TO17+TP17+(TQ17+((TR17*$F17)/$H17)+TU17))*$L17 -> 0 | TZ17: =TY17-TV17 -> 0 | UA17: =TV17 -> 0 | UL17: =(UK17*F17)/H17 -> 0 | UM17: =IF(E17=0,0,SUMIF('Cocktail (December 2025)'!$F$6:$DB$1547,E17,'Cocktail (December 2025)'!$CU$6:$CU$1547)) -> 0 | UN17: =UM17/H17 -> 0 | UO17: =UA17+UB17+UC17+UD17-UE17-UF17-UG17-UH17-UI17-UJ17-UL17-UN17 -> 0 | UP17: =UO17*H17 -> 0 | UQ17: =(UF17+UG17+UH17+UI17+(UJ17+((UK17*$F17)/$H17)+UN17))*$L17 -> 0 | US17: =UR17-UO17 -> 0 | UT17: =UO17 -> 0 | VE17: =(VD17*F17)/H17 -> 0 | VF17: =IF(E17=0,0,SUMIF('Cocktail (December 2025)'!$F$6:$DB$1547,E17,'Cocktail (December 2025)'!$CX$6:$CX$1547)) -> 0 | VG17: =VF17/H17 -> 0 | VH17: =UT17+UU17+UV17+UW17-UX17-UY17-UZ17-VA17-VB17-VC17-VE17-VG17 -> 0 | VI17: =VH17*H17 -> 0 | VJ17: =(UY17+UZ17+VA17+VB17+(VC17+((VD17*$F17)/$H17)+VG17))*$L17 -> 0 | VL17: =VK17-VH17 -> 0 | VM17: =VH17 -> 0 | VX17: =(VW17*F17)/H17 -> 0 | VY17: =IF(E17=0,0,SUMIF('Cocktail (December 2025)'!$F$6:$DB$1547,E17,'Cocktail (December 2025)'!$DA$6:$DA$1547)) -> 0 | VZ17: =VY17/H17 -> 0 | WA17: =VM17+VN17+VO17+VP17-VQ17-VR17-VS17-VT17-VU17-VV17-VX17-VZ17 -> 0 | WB17: =WA17*H17 -> 0 | WC17: =(VR17+VS17+VT17+VU17+(VV17+((VW17*$F17)/$H17)+VZ17))*$L17 -> 0 | WE17: =WD17-WA17 -> 0 | WF17: X | WG17: =O17 -> 0 | WH17: =P17+AI17+BB17+BU17+CN17+DG17+DZ17+ES17+FL17+GE17+GX17+HQ17+IJ17+JC17+JV17+KO17+LH17+MA17+MT17+NM17+OF17+OY17+PR17+QK17+RD17+RW17+SP17+TI17+UB17+UU17+VN17 -> 0 | WI17: =Q17+AJ17+BC17+BV17+CO17+DH17+EA17+ET17+FM17+GF17+GY17+HR17+IK17+JD17+JW17+KP17+LI17+MB17+MU17+NN17+OG17+OZ17+PS17+QL17+RE17+RX17+SQ17+TJ17+UC17+UV17+VO17 -> 0 | WJ17: =R17+AK17+BD17+BW17+CP17+DI17+EB17+EU17+FN17+GG17+GZ17+HS17+IL17+JE17+JX17+KQ17+LJ17+MC17+MV17+NO17+OH17+PA17+PT17+QM17+RF17+RY17+SR17+TK17+UD17+UW17+VP17 -> 0 | WK17: =S17+AL17+BE17+BX17+CQ17+DJ17+EC17+EV17+FO17+GH17+HA17+HT17+IM17+JF17+JY17+KR17+LK17+MD17+MW17+NP17+OI17+PB17+PU17+QN17+RG17+RZ17+SS17+TL17+UE17+UX17+VQ17 -> 0 | WL17: =T17+AM17+BF17+BY17+CR17+DK17+ED17+EW17+FP17+GI17+HB17+HU17+IN17+JG17+JZ17+KS17+LL17+ME17+MX17+NQ17+OJ17+PC17+PV17+QO17+RH17+SA17+ST17+TM17+UF17+UY17+VR17 -> 0 | WM17: =U17+AN17+BG17+BZ17+CS17+DL17+EE17++EX17+FQ17+GJ17+HC17+HV17+IO17+JH17+KA17+KT17+LM17+MF17+MY17+NR17+OK17+PD17+PW17+QP17+RI17+SB17+SU17+TN17+UG17+UZ17+VS17 -> 0 | WN17: =V17+AO17+BH17+CA17+CT17+DM17+EF17+EY17+FR17+GK17+HD17+HW17+IP17+JI17+KB17+KU17+LN17+MG17+MZ17+NS17+OL17+PE17+PX17+QQ17+RJ17+SC17+SV17+TO17+UH17+VA17+VT17 -> 0 | WO17: =W17+AP17+BI17+CB17+CU17+DN17+EG17+EZ17+FS17+GL17+HE17+HX17+IQ17+JJ17+KC17+KV17+LO17+MH17+NA17+NT17+OM17+PF17+PY17+QR17+RK17+SD17+SW17+TP17+UI17+VB17+VU17 -> 0 | WP17: =X17+AQ17+BJ17+CC17+CV17+DO17+EH17+FA17+FT17+GM17+HF17+HY17+IR17+JK17+KD17+KW17+LP17+MI17+NB17+NU17+ON17+PG17+PZ17+QS17+RL17+SE17+SX17+TQ17+UJ17+VC17+VV17 -> 0 | WQ17: =Y17+AR17+BK17+CD17+CW17+DP17+EI17+FB17+FU17+GN17+HG17+HZ17+IS17+JL17+KE17+KX17+LQ17+MJ17+NC17+NV17+OO17+PH17+QA17+QT17+RM17+SF17+SY17+TR17+UK17+VD17+VW17 -> 0 | WR17: =Z17+AS17+BL17+CE17+CX17+DQ17+EJ17+FC17+FV17+GO17+HH17+IA17+IT17+JM17+KF17+KY17+LR17+MK17+ND17+NW17+OP17+PI17+QB17+QU17+RN17+SG17+SZ17+TS17+UL17+VE17+VX17 -> 0 | WS17: =AB17+AU17+BN17+CG17+CZ17+DS17+EL17+FE17+FX17+GQ17+HJ17+IC17+IV17+JO17+KH17+LA17+LT17+MM17+NF17+NY17+OR17+PK17+QD17+QW17+RP17+SI17+TB17+TU17+UN17+VG17+VZ17 -> 0 | WT17: =WA17 -> 0 | WU17: =WB17 -> 0 | WW17: =WV17-WT17 -> 0 | WX17: =WV17/F17 -> 0
A18: =IFERROR(IF(WU18=0,"-","Y"),"-") -> - | C18: 42 | D18: 20 | E18: Regency 500 ml (กลมกลาง) | F18: =IF(E18="","",IF(VLOOKUP(E18,'Master Data (December 2025)'!$B$10:$N$857,1)=E18,VLOOKUP(E18,'Master Data (December 2025)'!$B$10:$N$857,6),"XX")) -> 1 | H18: =IF(E18="","",IF(VLOOKUP(E18,'Master Data (December 2025)'!$B$10:$N$857,1)=E18,VLOOKUP(E18,'Master Data (December 2025)'!$B$10:$N$857,8),"XX")) -> 1 | J18: =IF(E18="","",IF(VLOOKUP(E18,'Master Data (December 2025)'!$B$10:$N$857,1)=E18,VLOOKUP(E18,'Master Data (December 2025)'!$B$10:$N$857,3),"XX")) -> สุพันธ์ | K18: =IF(E18="","",IF(VLOOKUP(E18,'Master Data (December 2025)'!$B$10:$N$857,1)=E18,VLOOKUP(E18,'Master Data (December 2025)'!$B$10:$N$857,5),"XX")) -> Btl 500 ml | L18: =IF(E18="","",IF(VLOOKUP(E18,'Master Data (December 2025)'!$B$10:$N$857,1)=E18,VLOOKUP(E18,'Master Data (December 2025)'!$B$10:$N$857,11),"XX")) -> 558 | M18: =IF(E18="","",IF(VLOOKUP(E18,'Master Data (December 2025)'!$B$10:$N$857,1)=E18,VLOOKUP(E18,'Master Data (December 2025)'!$B$10:$N$857,13),"XX")) -> 558 | O18: =N18 -> 0 | Z18: =(Y18*F18)/H18 -> 0 | AA18: =IF(E18=0,0,SUMIF('Cocktail (December 2025)'!$F$6:$DB$1547,E18,'Cocktail (December 2025)'!$O$6:$O$1547)) -> 0 | AB18: =AA18/H18 -> 0 | AC18: =O18+P18+Q18+R18-S18-T18-U18-V18-W18-X18-Z18-AB18 -> 0 | AD18: =AC18*H18 -> 0 | AE18: =(T18+U18+V18+W18+(X18+((Y18*$F18)/$H18)+AB18))*$L18 -> 0 | AG18: =AF18-AC18 -> 0 | AH18: =IF(AF18="",AC18,IF(AF18<>0,AF18,0)) -> 0 | AS18: =(AR18*F18)/H18 -> 0 | AT18: =IF(E18=0,0,SUMIF('Cocktail (December 2025)'!$F$6:$DB$1547,E18,'Cocktail (December 2025)'!$R$6:$R$1547)) -> 0 | AU18: =AT18/H18 -> 0 | AV18: =AH18+AI18+AJ18+AK18-AL18-AM18-AN18-AO18-AP18-AQ18-AS18-AU18 -> 0 | AW18: =AV18*H18 -> 0 | AX18: =(AM18+AN18+AO18+AP18+(AQ18+((AR18*$F18)/$H18)+AU18))*$L18 -> 0 | AZ18: =AY18-AV18 -> 0 | BA18: =AV18 -> 0 | BL18: =(BK18*F18)/H18 -> 0 | BM18: =IF(E18=0,0,SUMIF('Cocktail (December 2025)'!$F$6:$DB$1547,E18,'Cocktail (December 2025)'!$U$6:$U$1547)) -> 0 | BN18: =BM18/H18 -> 0 | BO18: =BA18+BB18+BC18+BD18-BE18-BF18-BG18-BH18-BI18-BJ18-BL18-BN18 -> 0 | BP18: =BO18*H18 -> 0 | BQ18: =(BF18+BG18+BH18+BI18+(BJ18+((BK18*$F18)/$H18)+BN18))*$L18 -> 0 | BS18: =BR18-BO18 -> 0 | BT18: =BO18 -> 0 | CE18: =(CD18*F18)/H18 -> 0 | CF18: =IF(E18=0,0,SUMIF('Cocktail (December 2025)'!$F$6:$DB$1547,E18,'Cocktail (December 2025)'!$X$6:$X$1547)) -> 0 | CG18: =CF18/H18 -> 0 | CH18: =BT18+BU18+BV18+BW18-BX18-BY18-BZ18-CA18-CB18-CC18-CE18-CG18 -> 0 | CI18: =CH18*H18 -> 0 | CJ18: =(BY18+BZ18+CA18+CB18+(CC18+((CD18*$F18)/$H18)+CG18))*$L18 -> 0 | CL18: =CK18-CH18 -> 0 | CM18: =CH18 -> 0 | CX18: =(CW18*F18)/H18 -> 0 | CY18: =IF(E18=0,0,SUMIF('Cocktail (December 2025)'!$F$6:$DB$1547,E18,'Cocktail (December 2025)'!$AA$6:$AA$1547)) -> 0 | CZ18: =CY18/H18 -> 0 | DA18: =CM18+CN18+CO18+CP18-CQ18-CR18-CS18-CT18-CU18-CV18-CX18-CZ18 -> 0 | DB18: =DA18*H18 -> 0 | DC18: =(CR18+CS18+CT18+CU18+(CV18+((CW18*$F18)/$H18)+CZ18))*$L18 -> 0 | DE18: =DD18-DA18 -> 0 | DF18: =DA18 -> 0 | DQ18: =(DP18*F18)/H18 -> 0 | DR18: =IF(E18=0,0,SUMIF('Cocktail (December 2025)'!$F$6:$DB$1547,E18,'Cocktail (December 2025)'!$AD$6:$AD$1547)) -> 0 | DS18: =DR18/H18 -> 0 | DT18: =DF18+DG18+DH18+DI18-DJ18-DK18-DL18-DM18-DN18-DO18-DQ18-DS18 -> 0 | DU18: =DT18*H18 -> 0 | DV18: =(DK18+DL18+DM18+DN18+(DO18+((DP18*$F18)/$H18)+DS18))*$L18 -> 0 | DX18: =DW18-DT18 -> 0 | DY18: =DT18 -> 0 | EJ18: =(EI18*F18)/H18 -> 0 | EK18: =IF(E18=0,0,SUMIF('Cocktail (December 2025)'!$F$6:$DB$1547,E18,'Cocktail (December 2025)'!$AG$6:$AG$1547)) -> 0 | EL18: =EK18/H18 -> 0 | EM18: =DY18+DZ18+EA18+EB18-EC18-ED18-EE18-EF18-EG18-EH18-EJ18-EL18 -> 0 | EN18: =EM18*H18 -> 0 | EO18: =(ED18+EE18+EF18+EG18+(EH18+((EI18*$F18)/$H18)+EL18))*$L18 -> 0 | EQ18: =EP18-EM18 -> 0 | ER18: =EM18 -> 0 | FC18: =(FB18*F18)/H18 -> 0 | FD18: =IF(E18=0,0,SUMIF('Cocktail (December 2025)'!$F$6:$DB$1547,E18,'Cocktail (December 2025)'!$AJ$6:$AJ$1547)) -> 0 | FE18: =FD18/H18 -> 0 | FF18: =ER18+ES18+ET18+EU18-EV18-EW18-EX18-EY18-EZ18-FA18-FC18-FE18 -> 0 | FG18: =FF18*H18 -> 0 | FH18: =(EW18+EX18+EY18+EZ18+(FA18+((FB18*$F18)/$H18)+FE18))*$L18 -> 0 | FJ18: =FI18-FF18 -> 0 | FK18: =FF18 -> 0 | FV18: =(FU18*F18)/H18 -> 0 | FW18: =IF(E18=0,0,SUMIF('Cocktail (December 2025)'!$F$6:$DB$1547,E18,'Cocktail (December 2025)'!$AM$6:$AM$1547)) -> 0 | FX18: =FW18/H18 -> 0 | FY18: =FK18+FL18+FM18+FN18-FO18-FP18-FQ18-FR18-FS18-FT18-FV18-FX18 -> 0 | FZ18: =FY18*H18 -> 0 | GA18: =(FP18+FQ18+FR18+FS18+(FT18+((FU18*$F18)/$H18)+FX18))*$L18 -> 0 | GC18: =GB18-FY18 -> 0 | GD18: =FY18 -> 0 | GO18: =(GN18*F18)/H18 -> 0 | GP18: =IF(E18=0,0,SUMIF('Cocktail (December 2025)'!$F$6:$DB$1547,E18,'Cocktail (December 2025)'!$AP$6:$AP$1547)) -> 0 | GQ18: =GP18/H18 -> 0 | GR18: =GD18+GE18+GF18+GG18-GH18-GI18-GJ18-GK18-GL18-GM18-GO18-GQ18 -> 0 | GS18: =GR18*H18 -> 0 | GT18: =(GI18+GJ18+GK18+GL18+(GM18+((GN18*$F18)/$H18)+GQ18))*$L18 -> 0 | GV18: =GU18-GR18 -> 0 | GW18: =GR18 -> 0 | HH18: =(HG18*F18)/H18 -> 0 | HI18: =IF(E18=0,0,SUMIF('Cocktail (December 2025)'!$F$6:$DB$1547,E18,'Cocktail (December 2025)'!$AS$6:$AS$1547)) -> 0 | HJ18: =HI18/H18 -> 0 | HK18: =GW18+GX18+GY18+GZ18-HA18-HB18-HC18-HD18-HE18-HF18-HH18-HJ18 -> 0 | HL18: =HK18*H18 -> 0 | HM18: =(HB18+HC18+HD18+HE18+(HF18+((HG18*$F18)/$H18)+HJ18))*$L18 -> 0 | HO18: =HN18-HK18 -> 0 | HP18: =HK18 -> 0 | IA18: =(HZ18*F18)/H18 -> 0 | IB18: =IF(E18=0,0,SUMIF('Cocktail (December 2025)'!$F$6:$DB$1547,E18,'Cocktail (December 2025)'!$AV$6:$AV$1547)) -> 0 | IC18: =IB18/H18 -> 0 | ID18: =HP18+HQ18+HR18+HS18-HT18-HU18-HV18-HW18-HX18-HY18-IA18-IC18 -> 0 | IE18: =ID18*H18 -> 0 | IF18: =(HU18+HV18+HW18+HX18+(HY18+((HZ18*$F18)/$H18)+IC18))*$L18 -> 0 | IH18: =IG18-ID18 -> 0 | II18: =ID18 -> 0 | IT18: =(IS18*F18)/H18 -> 0 | IU18: =IF(E18=0,0,SUMIF('Cocktail (December 2025)'!$F$6:$DB$1547,E18,'Cocktail (December 2025)'!$AY$6:$AY$1547)) -> 0 | IV18: =IU18/H18 -> 0 | IW18: =II18+IJ18+IK18+IL18-IM18-IN18-IO18-IP18-IQ18-IR18-IT18-IV18 -> 0 | IX18: =IW18*H18 -> 0 | IY18: =(IN18+IO18+IP18+IQ18+(IR18+((IS18*$F18)/$H18)+IV18))*$L18 -> 0 | JA18: =IZ18-IW18 -> 0 | JB18: =IW18 -> 0 | JM18: =(JL18*F18)/H18 -> 0 | JN18: =IF(E18=0,0,SUMIF('Cocktail (December 2025)'!$F$6:$DB$1547,E18,'Cocktail (December 2025)'!$BB$6:$BB$1547)) -> 0 | JO18: =JN18/H18 -> 0 | JP18: =JB18+JC18+JD18+JE18-JF18-JG18-JH18-JI18-JJ18-JK18-JM18-JO18 -> 0 | JQ18: =JP18*H18 -> 0 | JR18: =(JG18+JH18+JI18+JJ18+(JK18+((JL18*$F18)/$H18)+JO18))*$L18 -> 0 | JT18: =JS18-JP18 -> 0 | JU18: =JP18 -> 0 | KF18: =(KE18*F18)/H18 -> 0 | KG18: =IF(E18=0,0,SUMIF('Cocktail (December 2025)'!$F$6:$DB$1547,E18,'Cocktail (December 2025)'!$BE$6:$BE$1547)) -> 0 | KH18: =KG18/H18 -> 0 | KI18: =JU18+JV18+JW18+JX18-JY18-JZ18-KA18-KB18-KC18-KD18-KF18-KH18 -> 0 | KJ18: =KI18*H18 -> 0 | KK18: =(JZ18+KA18+KB18+KC18+(KD18+((KE18*$F18)/$H18)+KH18))*$L18 -> 0 | KM18: =KL18-KI18 -> 0 | KN18: =KI18 -> 0 | KY18: =(KX18*F18)/H18 -> 0 | KZ18: =IF(E18=0,0,SUMIF('Cocktail (December 2025)'!$F$6:$DB$1547,E18,'Cocktail (December 2025)'!$BH$6:$BH$1547)) -> 0 | LA18: =KZ18/H18 -> 0 | LB18: =KN18+KO18+KP18+KQ18-KR18-KS18-KT18-KU18-KV18-KW18-KY18-LA18 -> 0 | LC18: =LB18*H18 -> 0 | LD18: =(KS18+KT18+KU18+KV18+(KW18+((KX18*$F18)/$H18)+LA18))*$L18 -> 0 | LF18: =LE18-LB18 -> 0 | LG18: =LB18 -> 0 | LR18: =(LQ18*F18)/H18 -> 0 | LS18: =IF(E18=0,0,SUMIF('Cocktail (December 2025)'!$F$6:$DB$1547,E18,'Cocktail (December 2025)'!$BK$6:$BK$1547)) -> 0 | LT18: =LS18/H18 -> 0 | LU18: =LG18+LH18+LI18+LJ18-LK18-LL18-LM18-LN18-LO18-LP18-LR18-LT18 -> 0 | LV18: =LU18*H18 -> 0 | LW18: =(LL18+LM18+LN18+LO18+(LP18+((LQ18*$F18)/$H18)+LT18))*$L18 -> 0 | LY18: =LX18-LU18 -> 0 | LZ18: =LU18 -> 0 | MK18: =(MJ18*F18)/H18 -> 0 | ML18: =IF(E18=0,0,SUMIF('Cocktail (December 2025)'!$F$6:$DB$1547,E18,'Cocktail (December 2025)'!$BN$6:$BN$1547)) -> 0 | MM18: =ML18/H18 -> 0 | MN18: =LZ18+MA18+MB18+MC18-MD18-ME18-MF18-MG18-MH18-MI18-MK18-MM18 -> 0 | MO18: =MN18*H18 -> 0 | MP18: =(ME18+MF18+MG18+MH18+(MI18+((MJ18*$F18)/$H18)+MM18))*$L18 -> 0 | MR18: =MQ18-MN18 -> 0 | MS18: =MN18 -> 0 | ND18: =(NC18*F18)/H18 -> 0 | NE18: =IF(E18=0,0,SUMIF('Cocktail (December 2025)'!$F$6:$DB$1547,E18,'Cocktail (December 2025)'!$BQ$6:$BQ$1547)) -> 0 | NF18: =NE18/H18 -> 0 | NG18: =MS18+MT18+MU18+MV18-MW18-MX18-MY18-MZ18-NA18-NB18-ND18-NF18 -> 0 | NH18: =NG18*H18 -> 0 | NI18: =(MX18+MY18+MZ18+NA18+(NB18+((NC18*$F18)/$H18)+NF18))*$L18 -> 0 | NK18: =NJ18-NG18 -> 0 | NL18: =NG18 -> 0 | NW18: =(NV18*F18)/H18 -> 0 | NX18: =IF(E18=0,0,SUMIF('Cocktail (December 2025)'!$F$6:$DB$1547,E18,'Cocktail (December 2025)'!$BT$6:$BT$1547)) -> 0 | NY18: =NX18/H18 -> 0 | NZ18: =NL18+NM18+NN18+NO18-NP18-NQ18-NR18-NS18-NT18-NU18-NW18-NY18 -> 0 | OA18: =NZ18*H18 -> 0 | OB18: =(NQ18+NR18+NS18+NT18+(NU18+((NV18*$F18)/$H18)+NY18))*$L18 -> 0 | OD18: =OC18-NZ18 -> 0 | OE18: =NZ18 -> 0 | OP18: =(OO18*F18)/H18 -> 0 | OQ18: =IF(E18=0,0,SUMIF('Cocktail (December 2025)'!$F$6:$DB$1547,E18,'Cocktail (December 2025)'!$BW$6:$BW$1547)) -> 0 | OR18: =OQ18/H18 -> 0 | OS18: =OE18+OF18+OG18+OH18-OI18-OJ18-OK18-OL18-OM18-ON18-OP18-OR18 -> 0 | OT18: =OS18*H18 -> 0 | OU18: =(OJ18+OK18+OL18+OM18+(ON18+((OO18*$F18)/$H18)+OR18))*$L18 -> 0 | OW18: =OV18-OS18 -> 0 | OX18: =OS18 -> 0 | PI18: =(PH18*F18)/H18 -> 0 | PJ18: =IF(E18=0,0,SUMIF('Cocktail (December 2025)'!$F$6:$DB$1547,E18,'Cocktail (December 2025)'!$BZ$6:$BZ$1547)) -> 0 | PK18: =PJ18/H18 -> 0 | PL18: =OX18+OY18+OZ18+PA18-PB18-PC18-PD18-PE18-PF18-PG18-PI18-PK18 -> 0 | PM18: =PL18*H18 -> 0 | PN18: =(PC18+PD18+PE18+PF18+(PG18+((PH18*$F18)/$H18)+PK18))*$L18 -> 0 | PP18: =PO18-PL18 -> 0 | PQ18: =PL18 -> 0 | QB18: =(QA18*F18)/H18 -> 0 | QC18: =IF(E18=0,0,SUMIF('Cocktail (December 2025)'!$F$6:$DB$1547,E18,'Cocktail (December 2025)'!$CC$6:$CC$1547)) -> 0 | QD18: =QC18/H18 -> 0 | QE18: =PQ18+PR18+PS18+PT18-PU18-PV18-PW18-PX18-PY18-PZ18-QB18-QD18 -> 0 | QF18: =QE18*H18 -> 0 | QG18: =(PV18+PW18+PX18+PY18+(PZ18+((QA18*$F18)/$H18)+QD18))*$L18 -> 0 | QI18: =QH18-QE18 -> 0 | QJ18: =QE18 -> 0 | QU18: =(QT18*F18)/H18 -> 0 | QV18: =IF(E18=0,0,SUMIF('Cocktail (December 2025)'!$F$6:$DB$1547,E18,'Cocktail (December 2025)'!$CF$6:$CF$1547)) -> 0 | QW18: =QV18/H18 -> 0 | QX18: =QJ18+QK18+QL18+QM18-QN18-QO18-QP18-QQ18-QR18-QS18-QU18-QW18 -> 0 | QY18: =QX18*H18 -> 0 | QZ18: =(QO18+QP18+QQ18+QR18+(QS18+((QT18*$F18)/$H18)+QW18))*$L18 -> 0 | RB18: =RA18-QX18 -> 0 | RC18: =QX18 -> 0 | RN18: =(RM18*F18)/H18 -> 0 | RO18: =IF(E18=0,0,SUMIF('Cocktail (December 2025)'!$F$6:$DB$1547,E18,'Cocktail (December 2025)'!$CI$6:$CI$1547)) -> 0 | RP18: =RO18/H18 -> 0 | RQ18: =RC18+RD18+RE18+RF18-RG18-RH18-RI18-RJ18-RK18-RL18-RN18-RP18 -> 0 | RR18: =RQ18*H18 -> 0 | RS18: =(RH18+RI18+RJ18+RK18+(RL18+((RM18*$F18)/$H18)+RP18))*$L18 -> 0 | RU18: =RT18-RQ18 -> 0 | RV18: =RQ18 -> 0 | SG18: =(SF18*F18)/H18 -> 0 | SH18: =IF(E18=0,0,SUMIF('Cocktail (December 2025)'!$F$6:$DB$1547,E18,'Cocktail (December 2025)'!$CL$6:$CL$1547)) -> 0 | SI18: =SH18/H18 -> 0 | SJ18: =RV18+RW18+RX18+RY18-RZ18-SA18-SB18-SC18-SD18-SE18-SG18-SI18 -> 0 | SK18: =SJ18*H18 -> 0 | SL18: =(SA18+SB18+SC18+SD18+(SE18+((SF18*$F18)/$H18)+SI18))*$L18 -> 0 | SN18: =SM18-SJ18 -> 0 | SO18: =SJ18 -> 0 | SZ18: =(SY18*F18)/H18 -> 0 | TA18: =IF(E18=0,0,SUMIF('Cocktail (December 2025)'!$F$6:$DB$1547,E18,'Cocktail (December 2025)'!$CO$6:$CO$1547)) -> 0 | TB18: =TA18/H18 -> 0 | TC18: =SO18+SP18+SQ18+SR18-SS18-ST18-SU18-SV18-SW18-SX18-SZ18-TB18 -> 0 | TD18: =TC18*H18 -> 0 | TE18: =(ST18+SU18+SV18+SW18+(SX18+((SY18*$F18)/$H18)+TB18))*$L18 -> 0 | TG18: =TF18-TC18 -> 0 | TH18: =TC18 -> 0 | TS18: =(TR18*F18)/H18 -> 0 | TT18: =IF(E18=0,0,SUMIF('Cocktail (December 2025)'!$F$6:$DB$1547,E18,'Cocktail (December 2025)'!$CR$6:$CR$1547)) -> 0 | TU18: =TT18/H18 -> 0 | TV18: =TH18+TI18+TJ18+TK18-TL18-TM18-TN18-TO18-TP18-TQ18-TS18-TU18 -> 0 | TW18: =TV18*H18 -> 0 | TX18: =(TM18+TN18+TO18+TP18+(TQ18+((TR18*$F18)/$H18)+TU18))*$L18 -> 0 | TZ18: =TY18-TV18 -> 0 | UA18: =TV18 -> 0 | UL18: =(UK18*F18)/H18 -> 0 | UM18: =IF(E18=0,0,SUMIF('Cocktail (December 2025)'!$F$6:$DB$1547,E18,'Cocktail (December 2025)'!$CU$6:$CU$1547)) -> 0 | UN18: =UM18/H18 -> 0 | UO18: =UA18+UB18+UC18+UD18-UE18-UF18-UG18-UH18-UI18-UJ18-UL18-UN18 -> 0 | UP18: =UO18*H18 -> 0 | UQ18: =(UF18+UG18+UH18+UI18+(UJ18+((UK18*$F18)/$H18)+UN18))*$L18 -> 0 | US18: =UR18-UO18 -> 0 | UT18: =UO18 -> 0 | VE18: =(VD18*F18)/H18 -> 0 | VF18: =IF(E18=0,0,SUMIF('Cocktail (December 2025)'!$F$6:$DB$1547,E18,'Cocktail (December 2025)'!$CX$6:$CX$1547)) -> 0 | VG18: =VF18/H18 -> 0 | VH18: =UT18+UU18+UV18+UW18-UX18-UY18-UZ18-VA18-VB18-VC18-VE18-VG18 -> 0 | VI18: =VH18*H18 -> 0 | VJ18: =(UY18+UZ18+VA18+VB18+(VC18+((VD18*$F18)/$H18)+VG18))*$L18 -> 0 | VL18: =VK18-VH18 -> 0 | VM18: =VH18 -> 0 | VX18: =(VW18*F18)/H18 -> 0 | VY18: =IF(E18=0,0,SUMIF('Cocktail (December 2025)'!$F$6:$DB$1547,E18,'Cocktail (December 2025)'!$DA$6:$DA$1547)) -> 0 | VZ18: =VY18/H18 -> 0 | WA18: =VM18+VN18+VO18+VP18-VQ18-VR18-VS18-VT18-VU18-VV18-VX18-VZ18 -> 0 | WB18: =WA18*H18 -> 0 | WC18: =(VR18+VS18+VT18+VU18+(VV18+((VW18*$F18)/$H18)+VZ18))*$L18 -> 0 | WE18: =WD18-WA18 -> 0 | WF18: X | WG18: =O18 -> 0 | WH18: =P18+AI18+BB18+BU18+CN18+DG18+DZ18+ES18+FL18+GE18+GX18+HQ18+IJ18+JC18+JV18+KO18+LH18+MA18+MT18+NM18+OF18+OY18+PR18+QK18+RD18+RW18+SP18+TI18+UB18+UU18+VN18 -> 0 | WI18: =Q18+AJ18+BC18+BV18+CO18+DH18+EA18+ET18+FM18+GF18+GY18+HR18+IK18+JD18+JW18+KP18+LI18+MB18+MU18+NN18+OG18+OZ18+PS18+QL18+RE18+RX18+SQ18+TJ18+UC18+UV18+VO18 -> 0 | WJ18: =R18+AK18+BD18+BW18+CP18+DI18+EB18+EU18+FN18+GG18+GZ18+HS18+IL18+JE18+JX18+KQ18+LJ18+MC18+MV18+NO18+OH18+PA18+PT18+QM18+RF18+RY18+SR18+TK18+UD18+UW18+VP18 -> 0 | WK18: =S18+AL18+BE18+BX18+CQ18+DJ18+EC18+EV18+FO18+GH18+HA18+HT18+IM18+JF18+JY18+KR18+LK18+MD18+MW18+NP18+OI18+PB18+PU18+QN18+RG18+RZ18+SS18+TL18+UE18+UX18+VQ18 -> 0 | WL18: =T18+AM18+BF18+BY18+CR18+DK18+ED18+EW18+FP18+GI18+HB18+HU18+IN18+JG18+JZ18+KS18+LL18+ME18+MX18+NQ18+OJ18+PC18+PV18+QO18+RH18+SA18+ST18+TM18+UF18+UY18+VR18 -> 0 | WM18: =U18+AN18+BG18+BZ18+CS18+DL18+EE18++EX18+FQ18+GJ18+HC18+HV18+IO18+JH18+KA18+KT18+LM18+MF18+MY18+NR18+OK18+PD18+PW18+QP18+RI18+SB18+SU18+TN18+UG18+UZ18+VS18 -> 0 | WN18: =V18+AO18+BH18+CA18+CT18+DM18+EF18+EY18+FR18+GK18+HD18+HW18+IP18+JI18+KB18+KU18+LN18+MG18+MZ18+NS18+OL18+PE18+PX18+QQ18+RJ18+SC18+SV18+TO18+UH18+VA18+VT18 -> 0 | WO18: =W18+AP18+BI18+CB18+CU18+DN18+EG18+EZ18+FS18+GL18+HE18+HX18+IQ18+JJ18+KC18+KV18+LO18+MH18+NA18+NT18+OM18+PF18+PY18+QR18+RK18+SD18+SW18+TP18+UI18+VB18+VU18 -> 0 | WP18: =X18+AQ18+BJ18+CC18+CV18+DO18+EH18+FA18+FT18+GM18+HF18+HY18+IR18+JK18+KD18+KW18+LP18+MI18+NB18+NU18+ON18+PG18+PZ18+QS18+RL18+SE18+SX18+TQ18+UJ18+VC18+VV18 -> 0 | WQ18: =Y18+AR18+BK18+CD18+CW18+DP18+EI18+FB18+FU18+GN18+HG18+HZ18+IS18+JL18+KE18+KX18+LQ18+MJ18+NC18+NV18+OO18+PH18+QA18+QT18+RM18+SF18+SY18+TR18+UK18+VD18+VW18 -> 0 | WR18: =Z18+AS18+BL18+CE18+CX18+DQ18+EJ18+FC18+FV18+GO18+HH18+IA18+IT18+JM18+KF18+KY18+LR18+MK18+ND18+NW18+OP18+PI18+QB18+QU18+RN18+SG18+SZ18+TS18+UL18+VE18+VX18 -> 0 | WS18: =AB18+AU18+BN18+CG18+CZ18+DS18+EL18+FE18+FX18+GQ18+HJ18+IC18+IV18+JO18+KH18+LA18+LT18+MM18+NF18+NY18+OR18+PK18+QD18+QW18+RP18+SI18+TB18+TU18+UN18+VG18+VZ18 -> 0 | WT18: =WA18 -> 0 | WU18: =WB18 -> 0 | WW18: =WV18-WT18 -> 0 | WX18: =WV18/F18 -> 0
A19: =IFERROR(IF(WU19=0,"-","Y"),"-") -> - | C19: 1 | D19: 58 | E19: Singlemalt Whisky | AH19: =IF(AF19="",AC19,IF(AF19<>0,AF19,0)) -> 0
A20: =IFERROR(IF(WU20=0,"-","Y"),"-") -> - | C20: 2 | D20: 59 | E20: Glenfiddich 12 Years 700 ml | F20: =IF(E20="","",IF(VLOOKUP(E20,'Master Data (December 2025)'!$B$10:$N$857,1)=E20,VLOOKUP(E20,'Master Data (December 2025)'!$B$10:$N$857,6),"XX")) -> 1 | H20: =IF(E20="","",IF(VLOOKUP(E20,'Master Data (December 2025)'!$B$10:$N$857,1)=E20,VLOOKUP(E20,'Master Data (December 2025)'!$B$10:$N$857,8),"XX")) -> 22 | J20: =IF(E20="","",IF(VLOOKUP(E20,'Master Data (December 2025)'!$B$10:$N$857,1)=E20,VLOOKUP(E20,'Master Data (December 2025)'!$B$10:$N$857,3),"XX")) -> สมภพ/อมฤต | K20: =IF(E20="","",IF(VLOOKUP(E20,'Master Data (December 2025)'!$B$10:$N$857,1)=E20,VLOOKUP(E20,'Master Data (December 2025)'!$B$10:$N$857,5),"XX")) -> Btl 700 ml | L20: =IF(E20="","",IF(VLOOKUP(E20,'Master Data (December 2025)'!$B$10:$N$857,1)=E20,VLOOKUP(E20,'Master Data (December 2025)'!$B$10:$N$857,11),"XX")) -> 2145 | M20: =IF(E20="","",IF(VLOOKUP(E20,'Master Data (December 2025)'!$B$10:$N$857,1)=E20,VLOOKUP(E20,'Master Data (December 2025)'!$B$10:$N$857,13),"XX")) -> 97.5 | O20: =N20 -> 0 | Z20: =(Y20*F20)/H20 -> 0 | AA20: =IF(E20=0,0,SUMIF('Cocktail (December 2025)'!$F$6:$DB$1547,E20,'Cocktail (December 2025)'!$O$6:$O$1547)) -> 0 | AB20: =AA20/H20 -> 0 | AC20: =O20+P20+Q20+R20-S20-T20-U20-V20-W20-X20-Z20-AB20 -> 0 | AD20: =AC20*H20 -> 0 | AE20: =(T20+U20+V20+W20+(X20+((Y20*$F20)/$H20)+AB20))*$L20 -> 0 | AG20: =AF20-AC20 -> 0 | AH20: =IF(AF20="",AC20,IF(AF20<>0,AF20,0)) -> 0 | AS20: =(AR20*F20)/H20 -> 0 | AT20: =IF(E20=0,0,SUMIF('Cocktail (December 2025)'!$F$6:$DB$1547,E20,'Cocktail (December 2025)'!$R$6:$R$1547)) -> 0 | AU20: =AT20/H20 -> 0 | AV20: =AH20+AI20+AJ20+AK20-AL20-AM20-AN20-AO20-AP20-AQ20-AS20-AU20 -> 0 | AW20: =AV20*H20 -> 0 | AX20: =(AM20+AN20+AO20+AP20+(AQ20+((AR20*$F20)/$H20)+AU20))*$L20 -> 0 | AZ20: =AY20-AV20 -> 0 | BA20: =AV20 -> 0 | BL20: =(BK20*F20)/H20 -> 0 | BM20: =IF(E20=0,0,SUMIF('Cocktail (December 2025)'!$F$6:$DB$1547,E20,'Cocktail (December 2025)'!$U$6:$U$1547)) -> 0 | BN20: =BM20/H20 -> 0 | BO20: =BA20+BB20+BC20+BD20-BE20-BF20-BG20-BH20-BI20-BJ20-BL20-BN20 -> 0 | BP20: =BO20*H20 -> 0 | BQ20: =(BF20+BG20+BH20+BI20+(BJ20+((BK20*$F20)/$H20)+BN20))*$L20 -> 0 | BS20: =BR20-BO20 -> 0 | BT20: =BO20 -> 0 | CE20: =(CD20*F20)/H20 -> 0 | CF20: =IF(E20=0,0,SUMIF('Cocktail (December 2025)'!$F$6:$DB$1547,E20,'Cocktail (December 2025)'!$X$6:$X$1547)) -> 0 | CG20: =CF20/H20 -> 0 | CH20: =BT20+BU20+BV20+BW20-BX20-BY20-BZ20-CA20-CB20-CC20-CE20-CG20 -> 0 | CI20: =CH20*H20 -> 0 | CJ20: =(BY20+BZ20+CA20+CB20+(CC20+((CD20*$F20)/$H20)+CG20))*$L20 -> 0 | CL20: =CK20-CH20 -> 0 | CM20: =CH20 -> 0 | CX20: =(CW20*F20)/H20 -> 0 | CY20: =IF(E20=0,0,SUMIF('Cocktail (December 2025)'!$F$6:$DB$1547,E20,'Cocktail (December 2025)'!$AA$6:$AA$1547)) -> 0 | CZ20: =CY20/H20 -> 0 | DA20: =CM20+CN20+CO20+CP20-CQ20-CR20-CS20-CT20-CU20-CV20-CX20-CZ20 -> 0 | DB20: =DA20*H20 -> 0 | DC20: =(CR20+CS20+CT20+CU20+(CV20+((CW20*$F20)/$H20)+CZ20))*$L20 -> 0 | DE20: =DD20-DA20 -> 0 | DF20: =DA20 -> 0 | DQ20: =(DP20*F20)/H20 -> 0 | DR20: =IF(E20=0,0,SUMIF('Cocktail (December 2025)'!$F$6:$DB$1547,E20,'Cocktail (December 2025)'!$AD$6:$AD$1547)) -> 0 | DS20: =DR20/H20 -> 0 | DT20: =DF20+DG20+DH20+DI20-DJ20-DK20-DL20-DM20-DN20-DO20-DQ20-DS20 -> 0 | DU20: =DT20*H20 -> 0 | DV20: =(DK20+DL20+DM20+DN20+(DO20+((DP20*$F20)/$H20)+DS20))*$L20 -> 0 | DX20: =DW20-DT20 -> 0 | DY20: =DT20 -> 0 | EJ20: =(EI20*F20)/H20 -> 0 | EK20: =IF(E20=0,0,SUMIF('Cocktail (December 2025)'!$F$6:$DB$1547,E20,'Cocktail (December 2025)'!$AG$6:$AG$1547)) -> 0 | EL20: =EK20/H20 -> 0 | EM20: =DY20+DZ20+EA20+EB20-EC20-ED20-EE20-EF20-EG20-EH20-EJ20-EL20 -> 0 | EN20: =EM20*H20 -> 0 | EO20: =(ED20+EE20+EF20+EG20+(EH20+((EI20*$F20)/$H20)+EL20))*$L20 -> 0 | EQ20: =EP20-EM20 -> 0 | ER20: =EM20 -> 0 | FC20: =(FB20*F20)/H20 -> 0 | FD20: =IF(E20=0,0,SUMIF('Cocktail (December 2025)'!$F$6:$DB$1547,E20,'Cocktail (December 2025)'!$AJ$6:$AJ$1547)) -> 0 | FE20: =FD20/H20 -> 0 | FF20: =ER20+ES20+ET20+EU20-EV20-EW20-EX20-EY20-EZ20-FA20-FC20-FE20 -> 0 | FG20: =FF20*H20 -> 0 | FH20: =(EW20+EX20+EY20+EZ20+(FA20+((FB20*$F20)/$H20)+FE20))*$L20 -> 0 | FJ20: =FI20-FF20 -> 0 | FK20: =FF20 -> 0 | FV20: =(FU20*F20)/H20 -> 0 | FW20: =IF(E20=0,0,SUMIF('Cocktail (December 2025)'!$F$6:$DB$1547,E20,'Cocktail (December 2025)'!$AM$6:$AM$1547)) -> 0 | FX20: =FW20/H20 -> 0 | FY20: =FK20+FL20+FM20+FN20-FO20-FP20-FQ20-FR20-FS20-FT20-FV20-FX20 -> 0 | FZ20: =FY20*H20 -> 0 | GA20: =(FP20+FQ20+FR20+FS20+(FT20+((FU20*$F20)/$H20)+FX20))*$L20 -> 0 | GC20: =GB20-FY20 -> 0 | GD20: =FY20 -> 0 | GO20: =(GN20*F20)/H20 -> 0 | GP20: =IF(E20=0,0,SUMIF('Cocktail (December 2025)'!$F$6:$DB$1547,E20,'Cocktail (December 2025)'!$AP$6:$AP$1547)) -> 0 | GQ20: =GP20/H20 -> 0 | GR20: =GD20+GE20+GF20+GG20-GH20-GI20-GJ20-GK20-GL20-GM20-GO20-GQ20 -> 0 | GS20: =GR20*H20 -> 0 | GT20: =(GI20+GJ20+GK20+GL20+(GM20+((GN20*$F20)/$H20)+GQ20))*$L20 -> 0 | GV20: =GU20-GR20 -> 0 | GW20: =GR20 -> 0 | HH20: =(HG20*F20)/H20 -> 0 | HI20: =IF(E20=0,0,SUMIF('Cocktail (December 2025)'!$F$6:$DB$1547,E20,'Cocktail (December 2025)'!$AS$6:$AS$1547)) -> 0 | HJ20: =HI20/H20 -> 0 | HK20: =GW20+GX20+GY20+GZ20-HA20-HB20-HC20-HD20-HE20-HF20-HH20-HJ20 -> 0 | HL20: =HK20*H20 -> 0 | HM20: =(HB20+HC20+HD20+HE20+(HF20+((HG20*$F20)/$H20)+HJ20))*$L20 -> 0 | HO20: =HN20-HK20 -> 0 | HP20: =HK20 -> 0 | IA20: =(HZ20*F20)/H20 -> 0 | IB20: =IF(E20=0,0,SUMIF('Cocktail (December 2025)'!$F$6:$DB$1547,E20,'Cocktail (December 2025)'!$AV$6:$AV$1547)) -> 0 | IC20: =IB20/H20 -> 0 | ID20: =HP20+HQ20+HR20+HS20-HT20-HU20-HV20-HW20-HX20-HY20-IA20-IC20 -> 0 | IE20: =ID20*H20 -> 0 | IF20: =(HU20+HV20+HW20+HX20+(HY20+((HZ20*$F20)/$H20)+IC20))*$L20 -> 0 | IH20: =IG20-ID20 -> 0 | II20: =ID20 -> 0 | IT20: =(IS20*F20)/H20 -> 0 | IU20: =IF(E20=0,0,SUMIF('Cocktail (December 2025)'!$F$6:$DB$1547,E20,'Cocktail (December 2025)'!$AY$6:$AY$1547)) -> 0 | IV20: =IU20/H20 -> 0 | IW20: =II20+IJ20+IK20+IL20-IM20-IN20-IO20-IP20-IQ20-IR20-IT20-IV20 -> 0 | IX20: =IW20*H20 -> 0 | IY20: =(IN20+IO20+IP20+IQ20+(IR20+((IS20*$F20)/$H20)+IV20))*$L20 -> 0 | JA20: =IZ20-IW20 -> 0 | JB20: =IW20 -> 0 | JM20: =(JL20*F20)/H20 -> 0 | JN20: =IF(E20=0,0,SUMIF('Cocktail (December 2025)'!$F$6:$DB$1547,E20,'Cocktail (December 2025)'!$BB$6:$BB$1547)) -> 0 | JO20: =JN20/H20 -> 0 | JP20: =JB20+JC20+JD20+JE20-JF20-JG20-JH20-JI20-JJ20-JK20-JM20-JO20 -> 0 | JQ20: =JP20*H20 -> 0 | JR20: =(JG20+JH20+JI20+JJ20+(JK20+((JL20*$F20)/$H20)+JO20))*$L20 -> 0 | JT20: =JS20-JP20 -> 0 | JU20: =JP20 -> 0 | KF20: =(KE20*F20)/H20 -> 0 | KG20: =IF(E20=0,0,SUMIF('Cocktail (December 2025)'!$F$6:$DB$1547,E20,'Cocktail (December 2025)'!$BE$6:$BE$1547)) -> 0 | KH20: =KG20/H20 -> 0 | KI20: =JU20+JV20+JW20+JX20-JY20-JZ20-KA20-KB20-KC20-KD20-KF20-KH20 -> 0 | KJ20: =KI20*H20 -> 0 | KK20: =(JZ20+KA20+KB20+KC20+(KD20+((KE20*$F20)/$H20)+KH20))*$L20 -> 0 | KM20: =KL20-KI20 -> 0 | KN20: =KI20 -> 0 | KY20: =(KX20*F20)/H20 -> 0 | KZ20: =IF(E20=0,0,SUMIF('Cocktail (December 2025)'!$F$6:$DB$1547,E20,'Cocktail (December 2025)'!$BH$6:$BH$1547)) -> 0 | LA20: =KZ20/H20 -> 0 | LB20: =KN20+KO20+KP20+KQ20-KR20-KS20-KT20-KU20-KV20-KW20-KY20-LA20 -> 0 | LC20: =LB20*H20 -> 0 | LD20: =(KS20+KT20+KU20+KV20+(KW20+((KX20*$F20)/$H20)+LA20))*$L20 -> 0 | LF20: =LE20-LB20 -> 0 | LG20: =LB20 -> 0 | LR20: =(LQ20*F20)/H20 -> 0 | LS20: =IF(E20=0,0,SUMIF('Cocktail (December 2025)'!$F$6:$DB$1547,E20,'Cocktail (December 2025)'!$BK$6:$BK$1547)) -> 0 | LT20: =LS20/H20 -> 0 | LU20: =LG20+LH20+LI20+LJ20-LK20-LL20-LM20-LN20-LO20-LP20-LR20-LT20 -> 0 | LV20: =LU20*H20 -> 0 | LW20: =(LL20+LM20+LN20+LO20+(LP20+((LQ20*$F20)/$H20)+LT20))*$L20 -> 0 | LY20: =LX20-LU20 -> 0 | LZ20: =LU20 -> 0 | MK20: =(MJ20*F20)/H20 -> 0 | ML20: =IF(E20=0,0,SUMIF('Cocktail (December 2025)'!$F$6:$DB$1547,E20,'Cocktail (December 2025)'!$BN$6:$BN$1547)) -> 0 | MM20: =ML20/H20 -> 0 | MN20: =LZ20+MA20+MB20+MC20-MD20-ME20-MF20-MG20-MH20-MI20-MK20-MM20 -> 0 | MO20: =MN20*H20 -> 0 | MP20: =(ME20+MF20+MG20+MH20+(MI20+((MJ20*$F20)/$H20)+MM20))*$L20 -> 0 | MR20: =MQ20-MN20 -> 0 | MS20: =MN20 -> 0 | ND20: =(NC20*F20)/H20 -> 0 | NE20: =IF(E20=0,0,SUMIF('Cocktail (December 2025)'!$F$6:$DB$1547,E20,'Cocktail (December 2025)'!$BQ$6:$BQ$1547)) -> 0 | NF20: =NE20/H20 -> 0 | NG20: =MS20+MT20+MU20+MV20-MW20-MX20-MY20-MZ20-NA20-NB20-ND20-NF20 -> 0 | NH20: =NG20*H20 -> 0 | NI20: =(MX20+MY20+MZ20+NA20+(NB20+((NC20*$F20)/$H20)+NF20))*$L20 -> 0 | NK20: =NJ20-NG20 -> 0 | NL20: =NG20 -> 0 | NW20: =(NV20*F20)/H20 -> 0 | NX20: =IF(E20=0,0,SUMIF('Cocktail (December 2025)'!$F$6:$DB$1547,E20,'Cocktail (December 2025)'!$BT$6:$BT$1547)) -> 0 | NY20: =NX20/H20 -> 0 | NZ20: =NL20+NM20+NN20+NO20-NP20-NQ20-NR20-NS20-NT20-NU20-NW20-NY20 -> 0 | OA20: =NZ20*H20 -> 0 | OB20: =(NQ20+NR20+NS20+NT20+(NU20+((NV20*$F20)/$H20)+NY20))*$L20 -> 0 | OD20: =OC20-NZ20 -> 0 | OE20: =NZ20 -> 0 | OP20: =(OO20*F20)/H20 -> 0 | OQ20: =IF(E20=0,0,SUMIF('Cocktail (December 2025)'!$F$6:$DB$1547,E20,'Cocktail (December 2025)'!$BW$6:$BW$1547)) -> 0 | OR20: =OQ20/H20 -> 0 | OS20: =OE20+OF20+OG20+OH20-OI20-OJ20-OK20-OL20-OM20-ON20-OP20-OR20 -> 0 | OT20: =OS20*H20 -> 0 | OU20: =(OJ20+OK20+OL20+OM20+(ON20+((OO20*$F20)/$H20)+OR20))*$L20 -> 0 | OW20: =OV20-OS20 -> 0 | OX20: =OS20 -> 0 | PI20: =(PH20*F20)/H20 -> 0 | PJ20: =IF(E20=0,0,SUMIF('Cocktail (December 2025)'!$F$6:$DB$1547,E20,'Cocktail (December 2025)'!$BZ$6:$BZ$1547)) -> 0 | PK20: =PJ20/H20 -> 0 | PL20: =OX20+OY20+OZ20+PA20-PB20-PC20-PD20-PE20-PF20-PG20-PI20-PK20 -> 0 | PM20: =PL20*H20 -> 0 | PN20: =(PC20+PD20+PE20+PF20+(PG20+((PH20*$F20)/$H20)+PK20))*$L20 -> 0 | PP20: =PO20-PL20 -> 0 | PQ20: =PL20 -> 0 | QB20: =(QA20*F20)/H20 -> 0 | QC20: =IF(E20=0,0,SUMIF('Cocktail (December 2025)'!$F$6:$DB$1547,E20,'Cocktail (December 2025)'!$CC$6:$CC$1547)) -> 0 | QD20: =QC20/H20 -> 0 | QE20: =PQ20+PR20+PS20+PT20-PU20-PV20-PW20-PX20-PY20-PZ20-QB20-QD20 -> 0 | QF20: =QE20*H20 -> 0 | QG20: =(PV20+PW20+PX20+PY20+(PZ20+((QA20*$F20)/$H20)+QD20))*$L20 -> 0 | QI20: =QH20-QE20 -> 0 | QJ20: =QE20 -> 0 | QU20: =(QT20*F20)/H20 -> 0 | QV20: =IF(E20=0,0,SUMIF('Cocktail (December 2025)'!$F$6:$DB$1547,E20,'Cocktail (December 2025)'!$CF$6:$CF$1547)) -> 0 | QW20: =QV20/H20 -> 0 | QX20: =QJ20+QK20+QL20+QM20-QN20-QO20-QP20-QQ20-QR20-QS20-QU20-QW20 -> 0 | QY20: =QX20*H20 -> 0 | QZ20: =(QO20+QP20+QQ20+QR20+(QS20+((QT20*$F20)/$H20)+QW20))*$L20 -> 0 | RB20: =RA20-QX20 -> 0 | RC20: =QX20 -> 0 | RN20: =(RM20*F20)/H20 -> 0 | RO20: =IF(E20=0,0,SUMIF('Cocktail (December 2025)'!$F$6:$DB$1547,E20,'Cocktail (December 2025)'!$CI$6:$CI$1547)) -> 0 | RP20: =RO20/H20 -> 0 | RQ20: =RC20+RD20+RE20+RF20-RG20-RH20-RI20-RJ20-RK20-RL20-RN20-RP20 -> 0 | RR20: =RQ20*H20 -> 0 | RS20: =(RH20+RI20+RJ20+RK20+(RL20+((RM20*$F20)/$H20)+RP20))*$L20 -> 0 | RU20: =RT20-RQ20 -> 0 | RV20: =RQ20 -> 0 | SG20: =(SF20*F20)/H20 -> 0 | SH20: =IF(E20=0,0,SUMIF('Cocktail (December 2025)'!$F$6:$DB$1547,E20,'Cocktail (December 2025)'!$CL$6:$CL$1547)) -> 0 | SI20: =SH20/H20 -> 0 | SJ20: =RV20+RW20+RX20+RY20-RZ20-SA20-SB20-SC20-SD20-SE20-SG20-SI20 -> 0 | SK20: =SJ20*H20 -> 0 | SL20: =(SA20+SB20+SC20+SD20+(SE20+((SF20*$F20)/$H20)+SI20))*$L20 -> 0 | SN20: =SM20-SJ20 -> 0 | SO20: =SJ20 -> 0 | SZ20: =(SY20*F20)/H20 -> 0 | TA20: =IF(E20=0,0,SUMIF('Cocktail (December 2025)'!$F$6:$DB$1547,E20,'Cocktail (December 2025)'!$CO$6:$CO$1547)) -> 0 | TB20: =TA20/H20 -> 0 | TC20: =SO20+SP20+SQ20+SR20-SS20-ST20-SU20-SV20-SW20-SX20-SZ20-TB20 -> 0 | TD20: =TC20*H20 -> 0 | TE20: =(ST20+SU20+SV20+SW20+(SX20+((SY20*$F20)/$H20)+TB20))*$L20 -> 0 | TG20: =TF20-TC20 -> 0 | TH20: =TC20 -> 0 | TS20: =(TR20*F20)/H20 -> 0 | TT20: =IF(E20=0,0,SUMIF('Cocktail (December 2025)'!$F$6:$DB$1547,E20,'Cocktail (December 2025)'!$CR$6:$CR$1547)) -> 0 | TU20: =TT20/H20 -> 0 | TV20: =TH20+TI20+TJ20+TK20-TL20-TM20-TN20-TO20-TP20-TQ20-TS20-TU20 -> 0 | TW20: =TV20*H20 -> 0 | TX20: =(TM20+TN20+TO20+TP20+(TQ20+((TR20*$F20)/$H20)+TU20))*$L20 -> 0 | TZ20: =TY20-TV20 -> 0 | UA20: =TV20 -> 0 | UL20: =(UK20*F20)/H20 -> 0 | UM20: =IF(E20=0,0,SUMIF('Cocktail (December 2025)'!$F$6:$DB$1547,E20,'Cocktail (December 2025)'!$CU$6:$CU$1547)) -> 0 | UN20: =UM20/H20 -> 0 | UO20: =UA20+UB20+UC20+UD20-UE20-UF20-UG20-UH20-UI20-UJ20-UL20-UN20 -> 0 | UP20: =UO20*H20 -> 0 | UQ20: =(UF20+UG20+UH20+UI20+(UJ20+((UK20*$F20)/$H20)+UN20))*$L20 -> 0 | US20: =UR20-UO20 -> 0 | UT20: =UO20 -> 0 | VE20: =(VD20*F20)/H20 -> 0 | VF20: =IF(E20=0,0,SUMIF('Cocktail (December 2025)'!$F$6:$DB$1547,E20,'Cocktail (December 2025)'!$CX$6:$CX$1547)) -> 0 | VG20: =VF20/H20 -> 0 | VH20: =UT20+UU20+UV20+UW20-UX20-UY20-UZ20-VA20-VB20-VC20-VE20-VG20 -> 0 | VI20: =VH20*H20 -> 0 | VJ20: =(UY20+UZ20+VA20+VB20+(VC20+((VD20*$F20)/$H20)+VG20))*$L20 -> 0 | VL20: =VK20-VH20 -> 0 | VM20: =VH20 -> 0 | VX20: =(VW20*F20)/H20 -> 0 | VY20: =IF(E20=0,0,SUMIF('Cocktail (December 2025)'!$F$6:$DB$1547,E20,'Cocktail (December 2025)'!$DA$6:$DA$1547)) -> 0 | VZ20: =VY20/H20 -> 0 | WA20: =VM20+VN20+VO20+VP20-VQ20-VR20-VS20-VT20-VU20-VV20-VX20-VZ20 -> 0 | WB20: =WA20*H20 -> 0 | WC20: =(VR20+VS20+VT20+VU20+(VV20+((VW20*$F20)/$H20)+VZ20))*$L20 -> 0 | WE20: =WD20-WA20 -> 0 | WF20: X | WG20: =O20 -> 0 | WH20: =P20+AI20+BB20+BU20+CN20+DG20+DZ20+ES20+FL20+GE20+GX20+HQ20+IJ20+JC20+JV20+KO20+LH20+MA20+MT20+NM20+OF20+OY20+PR20+QK20+RD20+RW20+SP20+TI20+UB20+UU20+VN20 -> 0 | WI20: =Q20+AJ20+BC20+BV20+CO20+DH20+EA20+ET20+FM20+GF20+GY20+HR20+IK20+JD20+JW20+KP20+LI20+MB20+MU20+NN20+OG20+OZ20+PS20+QL20+RE20+RX20+SQ20+TJ20+UC20+UV20+VO20 -> 0 | WJ20: =R20+AK20+BD20+BW20+CP20+DI20+EB20+EU20+FN20+GG20+GZ20+HS20+IL20+JE20+JX20+KQ20+LJ20+MC20+MV20+NO20+OH20+PA20+PT20+QM20+RF20+RY20+SR20+TK20+UD20+UW20+VP20 -> 0 | WK20: =S20+AL20+BE20+BX20+CQ20+DJ20+EC20+EV20+FO20+GH20+HA20+HT20+IM20+JF20+JY20+KR20+LK20+MD20+MW20+NP20+OI20+PB20+PU20+QN20+RG20+RZ20+SS20+TL20+UE20+UX20+VQ20 -> 0 | WL20: =T20+AM20+BF20+BY20+CR20+DK20+ED20+EW20+FP20+GI20+HB20+HU20+IN20+JG20+JZ20+KS20+LL20+ME20+MX20+NQ20+OJ20+PC20+PV20+QO20+RH20+SA20+ST20+TM20+UF20+UY20+VR20 -> 0 | WM20: =U20+AN20+BG20+BZ20+CS20+DL20+EE20++EX20+FQ20+GJ20+HC20+HV20+IO20+JH20+KA20+KT20+LM20+MF20+MY20+NR20+OK20+PD20+PW20+QP20+RI20+SB20+SU20+TN20+UG20+UZ20+VS20 -> 0 | WN20: =V20+AO20+BH20+CA20+CT20+DM20+EF20+EY20+FR20+GK20+HD20+HW20+IP20+JI20+KB20+KU20+LN20+MG20+MZ20+NS20+OL20+PE20+PX20+QQ20+RJ20+SC20+SV20+TO20+UH20+VA20+VT20 -> 0 | WO20: =W20+AP20+BI20+CB20+CU20+DN20+EG20+EZ20+FS20+GL20+HE20+HX20+IQ20+JJ20+KC20+KV20+LO20+MH20+NA20+NT20+OM20+PF20+PY20+QR20+RK20+SD20+SW20+TP20+UI20+VB20+VU20 -> 0 | WP20: =X20+AQ20+BJ20+CC20+CV20+DO20+EH20+FA20+FT20+GM20+HF20+HY20+IR20+JK20+KD20+KW20+LP20+MI20+NB20+NU20+ON20+PG20+PZ20+QS20+RL20+SE20+SX20+TQ20+UJ20+VC20+VV20 -> 0 | WQ20: =Y20+AR20+BK20+CD20+CW20+DP20+EI20+FB20+FU20+GN20+HG20+HZ20+IS20+JL20+KE20+KX20+LQ20+MJ20+NC20+NV20+OO20+PH20+QA20+QT20+RM20+SF20+SY20+TR20+UK20+VD20+VW20 -> 0 | WR20: =Z20+AS20+BL20+CE20+CX20+DQ20+EJ20+FC20+FV20+GO20+HH20+IA20+IT20+JM20+KF20+KY20+LR20+MK20+ND20+NW20+OP20+PI20+QB20+QU20+RN20+SG20+SZ20+TS20+UL20+VE20+VX20 -> 0 | WS20: =AB20+AU20+BN20+CG20+CZ20+DS20+EL20+FE20+FX20+GQ20+HJ20+IC20+IV20+JO20+KH20+LA20+LT20+MM20+NF20+NY20+OR20+PK20+QD20+QW20+RP20+SI20+TB20+TU20+UN20+VG20+VZ20 -> 0 | WT20: =WA20 -> 0 | WU20: =WB20 -> 0 | WW20: =WV20-WT20 -> 0 | WX20: =WV20/F20 -> 0
A21: =IFERROR(IF(WU21=0,"-","Y"),"-") -> - | C21: 3 | D21: 60 | E21: Singleton 12 Years 700 ml | F21: =IF(E21="","",IF(VLOOKUP(E21,'Master Data (December 2025)'!$B$10:$N$857,1)=E21,VLOOKUP(E21,'Master Data (December 2025)'!$B$10:$N$857,6),"XX")) -> 1 | H21: =IF(E21="","",IF(VLOOKUP(E21,'Master Data (December 2025)'!$B$10:$N$857,1)=E21,VLOOKUP(E21,'Master Data (December 2025)'!$B$10:$N$857,8),"XX")) -> 22 | J21: =IF(E21="","",IF(VLOOKUP(E21,'Master Data (December 2025)'!$B$10:$N$857,1)=E21,VLOOKUP(E21,'Master Data (December 2025)'!$B$10:$N$857,3),"XX")) -> สมภพ/อมฤต | K21: =IF(E21="","",IF(VLOOKUP(E21,'Master Data (December 2025)'!$B$10:$N$857,1)=E21,VLOOKUP(E21,'Master Data (December 2025)'!$B$10:$N$857,5),"XX")) -> Btl 700 ml | L21: =IF(E21="","",IF(VLOOKUP(E21,'Master Data (December 2025)'!$B$10:$N$857,1)=E21,VLOOKUP(E21,'Master Data (December 2025)'!$B$10:$N$857,11),"XX")) -> 1960 | M21: =IF(E21="","",IF(VLOOKUP(E21,'Master Data (December 2025)'!$B$10:$N$857,1)=E21,VLOOKUP(E21,'Master Data (December 2025)'!$B$10:$N$857,13),"XX")) -> 89.090909 | O21: =N21 -> 0 | Z21: =(Y21*F21)/H21 -> 0 | AA21: =IF(E21=0,0,SUMIF('Cocktail (December 2025)'!$F$6:$DB$1547,E21,'Cocktail (December 2025)'!$O$6:$O$1547)) -> 0 | AB21: =AA21/H21 -> 0 | AC21: =O21+P21+Q21+R21-S21-T21-U21-V21-W21-X21-Z21-AB21 -> 0 | AD21: =AC21*H21 -> 0 | AE21: =(T21+U21+V21+W21+(X21+((Y21*$F21)/$H21)+AB21))*$L21 -> 0 | AG21: =AF21-AC21 -> 0 | AH21: =IF(AF21="",AC21,IF(AF21<>0,AF21,0)) -> 0 | AS21: =(AR21*F21)/H21 -> 0 | AT21: =IF(E21=0,0,SUMIF('Cocktail (December 2025)'!$F$6:$DB$1547,E21,'Cocktail (December 2025)'!$R$6:$R$1547)) -> 0 | AU21: =AT21/H21 -> 0 | AV21: =AH21+AI21+AJ21+AK21-AL21-AM21-AN21-AO21-AP21-AQ21-AS21-AU21 -> 0 | AW21: =AV21*H21 -> 0 | AX21: =(AM21+AN21+AO21+AP21+(AQ21+((AR21*$F21)/$H21)+AU21))*$L21 -> 0 | AZ21: =AY21-AV21 -> 0 | BA21: =AV21 -> 0 | BL21: =(BK21*F21)/H21 -> 0 | BM21: =IF(E21=0,0,SUMIF('Cocktail (December 2025)'!$F$6:$DB$1547,E21,'Cocktail (December 2025)'!$U$6:$U$1547)) -> 0 | BN21: =BM21/H21 -> 0 | BO21: =BA21+BB21+BC21+BD21-BE21-BF21-BG21-BH21-BI21-BJ21-BL21-BN21 -> 0 | BP21: =BO21*H21 -> 0 | BQ21: =(BF21+BG21+BH21+BI21+(BJ21+((BK21*$F21)/$H21)+BN21))*$L21 -> 0 | BS21: =BR21-BO21 -> 0 | BT21: =BO21 -> 0 | CE21: =(CD21*F21)/H21 -> 0 | CF21: =IF(E21=0,0,SUMIF('Cocktail (December 2025)'!$F$6:$DB$1547,E21,'Cocktail (December 2025)'!$X$6:$X$1547)) -> 0 | CG21: =CF21/H21 -> 0 | CH21: =BT21+BU21+BV21+BW21-BX21-BY21-BZ21-CA21-CB21-CC21-CE21-CG21 -> 0 | CI21: =CH21*H21 -> 0 | CJ21: =(BY21+BZ21+CA21+CB21+(CC21+((CD21*$F21)/$H21)+CG21))*$L21 -> 0 | CL21: =CK21-CH21 -> 0 | CM21: =CH21 -> 0 | CX21: =(CW21*F21)/H21 -> 0 | CY21: =IF(E21=0,0,SUMIF('Cocktail (December 2025)'!$F$6:$DB$1547,E21,'Cocktail (December 2025)'!$AA$6:$AA$1547)) -> 0 | CZ21: =CY21/H21 -> 0 | DA21: =CM21+CN21+CO21+CP21-CQ21-CR21-CS21-CT21-CU21-CV21-CX21-CZ21 -> 0 | DB21: =DA21*H21 -> 0 | DC21: =(CR21+CS21+CT21+CU21+(CV21+((CW21*$F21)/$H21)+CZ21))*$L21 -> 0 | DE21: =DD21-DA21 -> 0 | DF21: =DA21 -> 0 | DQ21: =(DP21*F21)/H21 -> 0 | DR21: =IF(E21=0,0,SUMIF('Cocktail (December 2025)'!$F$6:$DB$1547,E21,'Cocktail (December 2025)'!$AD$6:$AD$1547)) -> 0 | DS21: =DR21/H21 -> 0 | DT21: =DF21+DG21+DH21+DI21-DJ21-DK21-DL21-DM21-DN21-DO21-DQ21-DS21 -> 0 | DU21: =DT21*H21 -> 0 | DV21: =(DK21+DL21+DM21+DN21+(DO21+((DP21*$F21)/$H21)+DS21))*$L21 -> 0 | DX21: =DW21-DT21 -> 0 | DY21: =DT21 -> 0 | EJ21: =(EI21*F21)/H21 -> 0 | EK21: =IF(E21=0,0,SUMIF('Cocktail (December 2025)'!$F$6:$DB$1547,E21,'Cocktail (December 2025)'!$AG$6:$AG$1547)) -> 0 | EL21: =EK21/H21 -> 0 | EM21: =DY21+DZ21+EA21+EB21-EC21-ED21-EE21-EF21-EG21-EH21-EJ21-EL21 -> 0 | EN21: =EM21*H21 -> 0 | EO21: =(ED21+EE21+EF21+EG21+(EH21+((EI21*$F21)/$H21)+EL21))*$L21 -> 0 | EQ21: =EP21-EM21 -> 0 | ER21: =EM21 -> 0 | FC21: =(FB21*F21)/H21 -> 0 | FD21: =IF(E21=0,0,SUMIF('Cocktail (December 2025)'!$F$6:$DB$1547,E21,'Cocktail (December 2025)'!$AJ$6:$AJ$1547)) -> 0 | FE21: =FD21/H21 -> 0 | FF21: =ER21+ES21+ET21+EU21-EV21-EW21-EX21-EY21-EZ21-FA21-FC21-FE21 -> 0 | FG21: =FF21*H21 -> 0 | FH21: =(EW21+EX21+EY21+EZ21+(FA21+((FB21*$F21)/$H21)+FE21))*$L21 -> 0 | FJ21: =FI21-FF21 -> 0 | FK21: =FF21 -> 0 | FV21: =(FU21*F21)/H21 -> 0 | FW21: =IF(E21=0,0,SUMIF('Cocktail (December 2025)'!$F$6:$DB$1547,E21,'Cocktail (December 2025)'!$AM$6:$AM$1547)) -> 0 | FX21: =FW21/H21 -> 0 | FY21: =FK21+FL21+FM21+FN21-FO21-FP21-FQ21-FR21-FS21-FT21-FV21-FX21 -> 0 | FZ21: =FY21*H21 -> 0 | GA21: =(FP21+FQ21+FR21+FS21+(FT21+((FU21*$F21)/$H21)+FX21))*$L21 -> 0 | GC21: =GB21-FY21 -> 0 | GD21: =FY21 -> 0 | GO21: =(GN21*F21)/H21 -> 0 | GP21: =IF(E21=0,0,SUMIF('Cocktail (December 2025)'!$F$6:$DB$1547,E21,'Cocktail (December 2025)'!$AP$6:$AP$1547)) -> 0 | GQ21: =GP21/H21 -> 0 | GR21: =GD21+GE21+GF21+GG21-GH21-GI21-GJ21-GK21-GL21-GM21-GO21-GQ21 -> 0 | GS21: =GR21*H21 -> 0 | GT21: =(GI21+GJ21+GK21+GL21+(GM21+((GN21*$F21)/$H21)+GQ21))*$L21 -> 0 | GV21: =GU21-GR21 -> 0 | GW21: =GR21 -> 0 | HH21: =(HG21*F21)/H21 -> 0 | HI21: =IF(E21=0,0,SUMIF('Cocktail (December 2025)'!$F$6:$DB$1547,E21,'Cocktail (December 2025)'!$AS$6:$AS$1547)) -> 0 | HJ21: =HI21/H21 -> 0 | HK21: =GW21+GX21+GY21+GZ21-HA21-HB21-HC21-HD21-HE21-HF21-HH21-HJ21 -> 0 | HL21: =HK21*H21 -> 0 | HM21: =(HB21+HC21+HD21+HE21+(HF21+((HG21*$F21)/$H21)+HJ21))*$L21 -> 0 | HO21: =HN21-HK21 -> 0 | HP21: =HK21 -> 0 | IA21: =(HZ21*F21)/H21 -> 0 | IB21: =IF(E21=0,0,SUMIF('Cocktail (December 2025)'!$F$6:$DB$1547,E21,'Cocktail (December 2025)'!$AV$6:$AV$1547)) -> 0 | IC21: =IB21/H21 -> 0 | ID21: =HP21+HQ21+HR21+HS21-HT21-HU21-HV21-HW21-HX21-HY21-IA21-IC21 -> 0 | IE21: =ID21*H21 -> 0 | IF21: =(HU21+HV21+HW21+HX21+(HY21+((HZ21*$F21)/$H21)+IC21))*$L21 -> 0 | IH21: =IG21-ID21 -> 0 | II21: =ID21 -> 0 | IT21: =(IS21*F21)/H21 -> 0 | IU21: =IF(E21=0,0,SUMIF('Cocktail (December 2025)'!$F$6:$DB$1547,E21,'Cocktail (December 2025)'!$AY$6:$AY$1547)) -> 0 | IV21: =IU21/H21 -> 0 | IW21: =II21+IJ21+IK21+IL21-IM21-IN21-IO21-IP21-IQ21-IR21-IT21-IV21 -> 0 | IX21: =IW21*H21 -> 0 | IY21: =(IN21+IO21+IP21+IQ21+(IR21+((IS21*$F21)/$H21)+IV21))*$L21 -> 0 | JA21: =IZ21-IW21 -> 0 | JB21: =IW21 -> 0 | JM21: =(JL21*F21)/H21 -> 0 | JN21: =IF(E21=0,0,SUMIF('Cocktail (December 2025)'!$F$6:$DB$1547,E21,'Cocktail (December 2025)'!$BB$6:$BB$1547)) -> 0 | JO21: =JN21/H21 -> 0 | JP21: =JB21+JC21+JD21+JE21-JF21-JG21-JH21-JI21-JJ21-JK21-JM21-JO21 -> 0 | JQ21: =JP21*H21 -> 0 | JR21: =(JG21+JH21+JI21+JJ21+(JK21+((JL21*$F21)/$H21)+JO21))*$L21 -> 0 | JT21: =JS21-JP21 -> 0 | JU21: =JP21 -> 0 | KF21: =(KE21*F21)/H21 -> 0 | KG21: =IF(E21=0,0,SUMIF('Cocktail (December 2025)'!$F$6:$DB$1547,E21,'Cocktail (December 2025)'!$BE$6:$BE$1547)) -> 0 | KH21: =KG21/H21 -> 0 | KI21: =JU21+JV21+JW21+JX21-JY21-JZ21-KA21-KB21-KC21-KD21-KF21-KH21 -> 0 | KJ21: =KI21*H21 -> 0 | KK21: =(JZ21+KA21+KB21+KC21+(KD21+((KE21*$F21)/$H21)+KH21))*$L21 -> 0 | KM21: =KL21-KI21 -> 0 | KN21: =KI21 -> 0 | KY21: =(KX21*F21)/H21 -> 0 | KZ21: =IF(E21=0,0,SUMIF('Cocktail (December 2025)'!$F$6:$DB$1547,E21,'Cocktail (December 2025)'!$BH$6:$BH$1547)) -> 0 | LA21: =KZ21/H21 -> 0 | LB21: =KN21+KO21+KP21+KQ21-KR21-KS21-KT21-KU21-KV21-KW21-KY21-LA21 -> 0 | LC21: =LB21*H21 -> 0 | LD21: =(KS21+KT21+KU21+KV21+(KW21+((KX21*$F21)/$H21)+LA21))*$L21 -> 0 | LF21: =LE21-LB21 -> 0 | LG21: =LB21 -> 0 | LR21: =(LQ21*F21)/H21 -> 0 | LS21: =IF(E21=0,0,SUMIF('Cocktail (December 2025)'!$F$6:$DB$1547,E21,'Cocktail (December 2025)'!$BK$6:$BK$1547)) -> 0 | LT21: =LS21/H21 -> 0 | LU21: =LG21+LH21+LI21+LJ21-LK21-LL21-LM21-LN21-LO21-LP21-LR21-LT21 -> 0 | LV21: =LU21*H21 -> 0 | LW21: =(LL21+LM21+LN21+LO21+(LP21+((LQ21*$F21)/$H21)+LT21))*$L21 -> 0 | LY21: =LX21-LU21 -> 0 | LZ21: =LU21 -> 0 | MK21: =(MJ21*F21)/H21 -> 0 | ML21: =IF(E21=0,0,SUMIF('Cocktail (December 2025)'!$F$6:$DB$1547,E21,'Cocktail (December 2025)'!$BN$6:$BN$1547)) -> 0 | MM21: =ML21/H21 -> 0 | MN21: =LZ21+MA21+MB21+MC21-MD21-ME21-MF21-MG21-MH21-MI21-MK21-MM21 -> 0 | MO21: =MN21*H21 -> 0 | MP21: =(ME21+MF21+MG21+MH21+(MI21+((MJ21*$F21)/$H21)+MM21))*$L21 -> 0 | MR21: =MQ21-MN21 -> 0 | MS21: =MN21 -> 0 | ND21: =(NC21*F21)/H21 -> 0 | NE21: =IF(E21=0,0,SUMIF('Cocktail (December 2025)'!$F$6:$DB$1547,E21,'Cocktail (December 2025)'!$BQ$6:$BQ$1547)) -> 0 | NF21: =NE21/H21 -> 0 | NG21: =MS21+MT21+MU21+MV21-MW21-MX21-MY21-MZ21-NA21-NB21-ND21-NF21 -> 0 | NH21: =NG21*H21 -> 0 | NI21: =(MX21+MY21+MZ21+NA21+(NB21+((NC21*$F21)/$H21)+NF21))*$L21 -> 0 | NK21: =NJ21-NG21 -> 0 | NL21: =NG21 -> 0 | NW21: =(NV21*F21)/H21 -> 0 | NX21: =IF(E21=0,0,SUMIF('Cocktail (December 2025)'!$F$6:$DB$1547,E21,'Cocktail (December 2025)'!$BT$6:$BT$1547)) -> 0 | NY21: =NX21/H21 -> 0 | NZ21: =NL21+NM21+NN21+NO21-NP21-NQ21-NR21-NS21-NT21-NU21-NW21-NY21 -> 0 | OA21: =NZ21*H21 -> 0 | OB21: =(NQ21+NR21+NS21+NT21+(NU21+((NV21*$F21)/$H21)+NY21))*$L21 -> 0 | OD21: =OC21-NZ21 -> 0 | OE21: =NZ21 -> 0 | OP21: =(OO21*F21)/H21 -> 0 | OQ21: =IF(E21=0,0,SUMIF('Cocktail (December 2025)'!$F$6:$DB$1547,E21,'Cocktail (December 2025)'!$BW$6:$BW$1547)) -> 0 | OR21: =OQ21/H21 -> 0 | OS21: =OE21+OF21+OG21+OH21-OI21-OJ21-OK21-OL21-OM21-ON21-OP21-OR21 -> 0 | OT21: =OS21*H21 -> 0 | OU21: =(OJ21+OK21+OL21+OM21+(ON21+((OO21*$F21)/$H21)+OR21))*$L21 -> 0 | OW21: =OV21-OS21 -> 0 | OX21: =OS21 -> 0 | PI21: =(PH21*F21)/H21 -> 0 | PJ21: =IF(E21=0,0,SUMIF('Cocktail (December 2025)'!$F$6:$DB$1547,E21,'Cocktail (December 2025)'!$BZ$6:$BZ$1547)) -> 0 | PK21: =PJ21/H21 -> 0 | PL21: =OX21+OY21+OZ21+PA21-PB21-PC21-PD21-PE21-PF21-PG21-PI21-PK21 -> 0 | PM21: =PL21*H21 -> 0 | PN21: =(PC21+PD21+PE21+PF21+(PG21+((PH21*$F21)/$H21)+PK21))*$L21 -> 0 | PP21: =PO21-PL21 -> 0 | PQ21: =PL21 -> 0 | QB21: =(QA21*F21)/H21 -> 0 | QC21: =IF(E21=0,0,SUMIF('Cocktail (December 2025)'!$F$6:$DB$1547,E21,'Cocktail (December 2025)'!$CC$6:$CC$1547)) -> 0 | QD21: =QC21/H21 -> 0 | QE21: =PQ21+PR21+PS21+PT21-PU21-PV21-PW21-PX21-PY21-PZ21-QB21-QD21 -> 0 | QF21: =QE21*H21 -> 0 | QG21: =(PV21+PW21+PX21+PY21+(PZ21+((QA21*$F21)/$H21)+QD21))*$L21 -> 0 | QI21: =QH21-QE21 -> 0 | QJ21: =QE21 -> 0 | QU21: =(QT21*F21)/H21 -> 0 | QV21: =IF(E21=0,0,SUMIF('Cocktail (December 2025)'!$F$6:$DB$1547,E21,'Cocktail (December 2025)'!$CF$6:$CF$1547)) -> 0 | QW21: =QV21/H21 -> 0 | QX21: =QJ21+QK21+QL21+QM21-QN21-QO21-QP21-QQ21-QR21-QS21-QU21-QW21 -> 0 | QY21: =QX21*H21 -> 0 | QZ21: =(QO21+QP21+QQ21+QR21+(QS21+((QT21*$F21)/$H21)+QW21))*$L21 -> 0 | RB21: =RA21-QX21 -> 0 | RC21: =QX21 -> 0 | RN21: =(RM21*F21)/H21 -> 0 | RO21: =IF(E21=0,0,SUMIF('Cocktail (December 2025)'!$F$6:$DB$1547,E21,'Cocktail (December 2025)'!$CI$6:$CI$1547)) -> 0 | RP21: =RO21/H21 -> 0 | RQ21: =RC21+RD21+RE21+RF21-RG21-RH21-RI21-RJ21-RK21-RL21-RN21-RP21 -> 0 | RR21: =RQ21*H21 -> 0 | RS21: =(RH21+RI21+RJ21+RK21+(RL21+((RM21*$F21)/$H21)+RP21))*$L21 -> 0 | RU21: =RT21-RQ21 -> 0 | RV21: =RQ21 -> 0 | SG21: =(SF21*F21)/H21 -> 0 | SH21: =IF(E21=0,0,SUMIF('Cocktail (December 2025)'!$F$6:$DB$1547,E21,'Cocktail (December 2025)'!$CL$6:$CL$1547)) -> 0 | SI21: =SH21/H21 -> 0 | SJ21: =RV21+RW21+RX21+RY21-RZ21-SA21-SB21-SC21-SD21-SE21-SG21-SI21 -> 0 | SK21: =SJ21*H21 -> 0 | SL21: =(SA21+SB21+SC21+SD21+(SE21+((SF21*$F21)/$H21)+SI21))*$L21 -> 0 | SN21: =SM21-SJ21 -> 0 | SO21: =SJ21 -> 0 | SZ21: =(SY21*F21)/H21 -> 0 | TA21: =IF(E21=0,0,SUMIF('Cocktail (December 2025)'!$F$6:$DB$1547,E21,'Cocktail (December 2025)'!$CO$6:$CO$1547)) -> 0 | TB21: =TA21/H21 -> 0 | TC21: =SO21+SP21+SQ21+SR21-SS21-ST21-SU21-SV21-SW21-SX21-SZ21-TB21 -> 0 | TD21: =TC21*H21 -> 0 | TE21: =(ST21+SU21+SV21+SW21+(SX21+((SY21*$F21)/$H21)+TB21))*$L21 -> 0 | TG21: =TF21-TC21 -> 0 | TH21: =TC21 -> 0 | TS21: =(TR21*F21)/H21 -> 0 | TT21: =IF(E21=0,0,SUMIF('Cocktail (December 2025)'!$F$6:$DB$1547,E21,'Cocktail (December 2025)'!$CR$6:$CR$1547)) -> 0 | TU21: =TT21/H21 -> 0 | TV21: =TH21+TI21+TJ21+TK21-TL21-TM21-TN21-TO21-TP21-TQ21-TS21-TU21 -> 0 | TW21: =TV21*H21 -> 0 | TX21: =(TM21+TN21+TO21+TP21+(TQ21+((TR21*$F21)/$H21)+TU21))*$L21 -> 0 | TZ21: =TY21-TV21 -> 0 | UA21: =TV21 -> 0 | UL21: =(UK21*F21)/H21 -> 0 | UM21: =IF(E21=0,0,SUMIF('Cocktail (December 2025)'!$F$6:$DB$1547,E21,'Cocktail (December 2025)'!$CU$6:$CU$1547)) -> 0 | UN21: =UM21/H21 -> 0 | UO21: =UA21+UB21+UC21+UD21-UE21-UF21-UG21-UH21-UI21-UJ21-UL21-UN21 -> 0 | UP21: =UO21*H21 -> 0 | UQ21: =(UF21+UG21+UH21+UI21+(UJ21+((UK21*$F21)/$H21)+UN21))*$L21 -> 0 | US21: =UR21-UO21 -> 0 | UT21: =UO21 -> 0 | VE21: =(VD21*F21)/H21 -> 0 | VF21: =IF(E21=0,0,SUMIF('Cocktail (December 2025)'!$F$6:$DB$1547,E21,'Cocktail (December 2025)'!$CX$6:$CX$1547)) -> 0 | VG21: =VF21/H21 -> 0 | VH21: =UT21+UU21+UV21+UW21-UX21-UY21-UZ21-VA21-VB21-VC21-VE21-VG21 -> 0 | VI21: =VH21*H21 -> 0 | VJ21: =(UY21+UZ21+VA21+VB21+(VC21+((VD21*$F21)/$H21)+VG21))*$L21 -> 0 | VL21: =VK21-VH21 -> 0 | VM21: =VH21 -> 0 | VX21: =(VW21*F21)/H21 -> 0 | VY21: =IF(E21=0,0,SUMIF('Cocktail (December 2025)'!$F$6:$DB$1547,E21,'Cocktail (December 2025)'!$DA$6:$DA$1547)) -> 0 | VZ21: =VY21/H21 -> 0 | WA21: =VM21+VN21+VO21+VP21-VQ21-VR21-VS21-VT21-VU21-VV21-VX21-VZ21 -> 0 | WB21: =WA21*H21 -> 0 | WC21: =(VR21+VS21+VT21+VU21+(VV21+((VW21*$F21)/$H21)+VZ21))*$L21 -> 0 | WE21: =WD21-WA21 -> 0 | WF21: X | WG21: =O21 -> 0 | WH21: =P21+AI21+BB21+BU21+CN21+DG21+DZ21+ES21+FL21+GE21+GX21+HQ21+IJ21+JC21+JV21+KO21+LH21+MA21+MT21+NM21+OF21+OY21+PR21+QK21+RD21+RW21+SP21+TI21+UB21+UU21+VN21 -> 0 | WI21: =Q21+AJ21+BC21+BV21+CO21+DH21+EA21+ET21+FM21+GF21+GY21+HR21+IK21+JD21+JW21+KP21+LI21+MB21+MU21+NN21+OG21+OZ21+PS21+QL21+RE21+RX21+SQ21+TJ21+UC21+UV21+VO21 -> 0 | WJ21: =R21+AK21+BD21+BW21+CP21+DI21+EB21+EU21+FN21+GG21+GZ21+HS21+IL21+JE21+JX21+KQ21+LJ21+MC21+MV21+NO21+OH21+PA21+PT21+QM21+RF21+RY21+SR21+TK21+UD21+UW21+VP21 -> 0 | WK21: =S21+AL21+BE21+BX21+CQ21+DJ21+EC21+EV21+FO21+GH21+HA21+HT21+IM21+JF21+JY21+KR21+LK21+MD21+MW21+NP21+OI21+PB21+PU21+QN21+RG21+RZ21+SS21+TL21+UE21+UX21+VQ21 -> 0 | WL21: =T21+AM21+BF21+BY21+CR21+DK21+ED21+EW21+FP21+GI21+HB21+HU21+IN21+JG21+JZ21+KS21+LL21+ME21+MX21+NQ21+OJ21+PC21+PV21+QO21+RH21+SA21+ST21+TM21+UF21+UY21+VR21 -> 0 | WM21: =U21+AN21+BG21+BZ21+CS21+DL21+EE21++EX21+FQ21+GJ21+HC21+HV21+IO21+JH21+KA21+KT21+LM21+MF21+MY21+NR21+OK21+PD21+PW21+QP21+RI21+SB21+SU21+TN21+UG21+UZ21+VS21 -> 0 | WN21: =V21+AO21+BH21+CA21+CT21+DM21+EF21+EY21+FR21+GK21+HD21+HW21+IP21+JI21+KB21+KU21+LN21+MG21+MZ21+NS21+OL21+PE21+PX21+QQ21+RJ21+SC21+SV21+TO21+UH21+VA21+VT21 -> 0 | WO21: =W21+AP21+BI21+CB21+CU21+DN21+EG21+EZ21+FS21+GL21+HE21+HX21+IQ21+JJ21+KC21+KV21+LO21+MH21+NA21+NT21+OM21+PF21+PY21+QR21+RK21+SD21+SW21+TP21+UI21+VB21+VU21 -> 0 | WP21: =X21+AQ21+BJ21+CC21+CV21+DO21+EH21+FA21+FT21+GM21+HF21+HY21+IR21+JK21+KD21+KW21+LP21+MI21+NB21+NU21+ON21+PG21+PZ21+QS21+RL21+SE21+SX21+TQ21+UJ21+VC21+VV21 -> 0 | WQ21: =Y21+AR21+BK21+CD21+CW21+DP21+EI21+FB21+FU21+GN21+HG21+HZ21+IS21+JL21+KE21+KX21+LQ21+MJ21+NC21+NV21+OO21+PH21+QA21+QT21+RM21+SF21+SY21+TR21+UK21+VD21+VW21 -> 0 | WR21: =Z21+AS21+BL21+CE21+CX21+DQ21+EJ21+FC21+FV21+GO21+HH21+IA21+IT21+JM21+KF21+KY21+LR21+MK21+ND21+NW21+OP21+PI21+QB21+QU21+RN21+SG21+SZ21+TS21+UL21+VE21+VX21 -> 0 | WS21: =AB21+AU21+BN21+CG21+CZ21+DS21+EL21+FE21+FX21+GQ21+HJ21+IC21+IV21+JO21+KH21+LA21+LT21+MM21+NF21+NY21+OR21+PK21+QD21+QW21+RP21+SI21+TB21+TU21+UN21+VG21+VZ21 -> 0 | WT21: =WA21 -> 0 | WU21: =WB21 -> 0 | WW21: =WV21-WT21 -> 0 | WX21: =WV21/F21 -> 0
A22: =IFERROR(IF(WU22=0,"-","Y"),"-") -> - | C22: 57 | D22: 80 | E22: Other Whisky | AH22: =IF(AF22="",AC22,IF(AF22<>0,AF22,0)) -> 0 | CF22: =IF(E22=0,0,SUMIF('Cocktail (December 2025)'!$F$6:$DB$1547,E22,'Cocktail (December 2025)'!$X$6:$X$1547)) -> 0
A23: =IFERROR(IF(WU23=0,"-","Y"),"-") -> - | C23: 60 | D23: 83 | E23: Canadian Club 750 Ml | F23: =IF(E23="","",IF(VLOOKUP(E23,'Master Data (December 2025)'!$B$10:$N$857,1)=E23,VLOOKUP(E23,'Master Data (December 2025)'!$B$10:$N$857,6),"XX")) -> 1 | H23: =IF(E23="","",IF(VLOOKUP(E23,'Master Data (December 2025)'!$B$10:$N$857,1)=E23,VLOOKUP(E23,'Master Data (December 2025)'!$B$10:$N$857,8),"XX")) -> 24 | J23: =IF(E23="","",IF(VLOOKUP(E23,'Master Data (December 2025)'!$B$10:$N$857,1)=E23,VLOOKUP(E23,'Master Data (December 2025)'!$B$10:$N$857,3),"XX")) -> สมภพ | K23: =IF(E23="","",IF(VLOOKUP(E23,'Master Data (December 2025)'!$B$10:$N$857,1)=E23,VLOOKUP(E23,'Master Data (December 2025)'!$B$10:$N$857,5),"XX")) -> Btl 750 ml | L23: =IF(E23="","",IF(VLOOKUP(E23,'Master Data (December 2025)'!$B$10:$N$857,1)=E23,VLOOKUP(E23,'Master Data (December 2025)'!$B$10:$N$857,11),"XX")) -> 1033 | M23: =IF(E23="","",IF(VLOOKUP(E23,'Master Data (December 2025)'!$B$10:$N$857,1)=E23,VLOOKUP(E23,'Master Data (December 2025)'!$B$10:$N$857,13),"XX")) -> 43.041667 | O23: =N23 -> 0 | Z23: =(Y23*F23)/H23 -> 0 | AA23: =IF(E23=0,0,SUMIF('Cocktail (December 2025)'!$F$6:$DB$1547,E23,'Cocktail (December 2025)'!$O$6:$O$1547)) -> 0 | AB23: =AA23/H23 -> 0 | AC23: =O23+P23+Q23+R23-S23-T23-U23-V23-W23-X23-Z23-AB23 -> 0 | AD23: =AC23*H23 -> 0 | AE23: =(T23+U23+V23+W23+(X23+((Y23*$F23)/$H23)+AB23))*$L23 -> 0 | AG23: =AF23-AC23 -> 0 | AH23: =IF(AF23="",AC23,IF(AF23<>0,AF23,0)) -> 0 | AS23: =(AR23*F23)/H23 -> 0 | AT23: =IF(E23=0,0,SUMIF('Cocktail (December 2025)'!$F$6:$DB$1547,E23,'Cocktail (December 2025)'!$R$6:$R$1547)) -> 0 | AU23: =AT23/H23 -> 0 | AV23: =AH23+AI23+AJ23+AK23-AL23-AM23-AN23-AO23-AP23-AQ23-AS23-AU23 -> 0 | AW23: =AV23*H23 -> 0 | AX23: =(AM23+AN23+AO23+AP23+(AQ23+((AR23*$F23)/$H23)+AU23))*$L23 -> 0 | AZ23: =AY23-AV23 -> 0 | BA23: =AV23 -> 0 | BL23: =(BK23*F23)/H23 -> 0 | BM23: =IF(E23=0,0,SUMIF('Cocktail (December 2025)'!$F$6:$DB$1547,E23,'Cocktail (December 2025)'!$U$6:$U$1547)) -> 0 | BN23: =BM23/H23 -> 0 | BO23: =BA23+BB23+BC23+BD23-BE23-BF23-BG23-BH23-BI23-BJ23-BL23-BN23 -> 0 | BP23: =BO23*H23 -> 0 | BQ23: =(BF23+BG23+BH23+BI23+(BJ23+((BK23*$F23)/$H23)+BN23))*$L23 -> 0 | BS23: =BR23-BO23 -> 0 | BT23: =BO23 -> 0 | CE23: =(CD23*F23)/H23 -> 0 | CF23: =IF(E23=0,0,SUMIF('Cocktail (December 2025)'!$F$6:$DB$1547,E23,'Cocktail (December 2025)'!$X$6:$X$1547)) -> 0 | CG23: =CF23/H23 -> 0 | CH23: =BT23+BU23+BV23+BW23-BX23-BY23-BZ23-CA23-CB23-CC23-CE23-CG23 -> 0 | CI23: =CH23*H23 -> 0 | CJ23: =(BY23+BZ23+CA23+CB23+(CC23+((CD23*$F23)/$H23)+CG23))*$L23 -> 0 | CL23: =CK23-CH23 -> 0 | CM23: =CH23 -> 0 | CX23: =(CW23*F23)/H23 -> 0 | CY23: =IF(E23=0,0,SUMIF('Cocktail (December 2025)'!$F$6:$DB$1547,E23,'Cocktail (December 2025)'!$AA$6:$AA$1547)) -> 0 | CZ23: =CY23/H23 -> 0 | DA23: =CM23+CN23+CO23+CP23-CQ23-CR23-CS23-CT23-CU23-CV23-CX23-CZ23 -> 0 | DB23: =DA23*H23 -> 0 | DC23: =(CR23+CS23+CT23+CU23+(CV23+((CW23*$F23)/$H23)+CZ23))*$L23 -> 0 | DE23: =DD23-DA23 -> 0 | DF23: =DA23 -> 0 | DQ23: =(DP23*F23)/H23 -> 0 | DR23: =IF(E23=0,0,SUMIF('Cocktail (December 2025)'!$F$6:$DB$1547,E23,'Cocktail (December 2025)'!$AD$6:$AD$1547)) -> 0 | DS23: =DR23/H23 -> 0 | DT23: =DF23+DG23+DH23+DI23-DJ23-DK23-DL23-DM23-DN23-DO23-DQ23-DS23 -> 0 | DU23: =DT23*H23 -> 0 | DV23: =(DK23+DL23+DM23+DN23+(DO23+((DP23*$F23)/$H23)+DS23))*$L23 -> 0 | DX23: =DW23-DT23 -> 0 | DY23: =DT23 -> 0 | EJ23: =(EI23*F23)/H23 -> 0 | EK23: =IF(E23=0,0,SUMIF('Cocktail (December 2025)'!$F$6:$DB$1547,E23,'Cocktail (December 2025)'!$AG$6:$AG$1547)) -> 0 | EL23: =EK23/H23 -> 0 | EM23: =DY23+DZ23+EA23+EB23-EC23-ED23-EE23-EF23-EG23-EH23-EJ23-EL23 -> 0 | EN23: =EM23*H23 -> 0 | EO23: =(ED23+EE23+EF23+EG23+(EH23+((EI23*$F23)/$H23)+EL23))*$L23 -> 0 | EQ23: =EP23-EM23 -> 0 | ER23: =EM23 -> 0 | FC23: =(FB23*F23)/H23 -> 0 | FD23: =IF(E23=0,0,SUMIF('Cocktail (December 2025)'!$F$6:$DB$1547,E23,'Cocktail (December 2025)'!$AJ$6:$AJ$1547)) -> 0 | FE23: =FD23/H23 -> 0 | FF23: =ER23+ES23+ET23+EU23-EV23-EW23-EX23-EY23-EZ23-FA23-FC23-FE23 -> 0 | FG23: =FF23*H23 -> 0 | FH23: =(EW23+EX23+EY23+EZ23+(FA23+((FB23*$F23)/$H23)+FE23))*$L23 -> 0 | FJ23: =FI23-FF23 -> 0 | FK23: =FF23 -> 0 | FV23: =(FU23*F23)/H23 -> 0 | FW23: =IF(E23=0,0,SUMIF('Cocktail (December 2025)'!$F$6:$DB$1547,E23,'Cocktail (December 2025)'!$AM$6:$AM$1547)) -> 0 | FX23: =FW23/H23 -> 0 | FY23: =FK23+FL23+FM23+FN23-FO23-FP23-FQ23-FR23-FS23-FT23-FV23-FX23 -> 0 | FZ23: =FY23*H23 -> 0 | GA23: =(FP23+FQ23+FR23+FS23+(FT23+((FU23*$F23)/$H23)+FX23))*$L23 -> 0 | GC23: =GB23-FY23 -> 0 | GD23: =FY23 -> 0 | GO23: =(GN23*F23)/H23 -> 0 | GP23: =IF(E23=0,0,SUMIF('Cocktail (December 2025)'!$F$6:$DB$1547,E23,'Cocktail (December 2025)'!$AP$6:$AP$1547)) -> 0 | GQ23: =GP23/H23 -> 0 | GR23: =GD23+GE23+GF23+GG23-GH23-GI23-GJ23-GK23-GL23-GM23-GO23-GQ23 -> 0 | GS23: =GR23*H23 -> 0 | GT23: =(GI23+GJ23+GK23+GL23+(GM23+((GN23*$F23)/$H23)+GQ23))*$L23 -> 0 | GV23: =GU23-GR23 -> 0 | GW23: =GR23 -> 0 | HH23: =(HG23*F23)/H23 -> 0 | HI23: =IF(E23=0,0,SUMIF('Cocktail (December 2025)'!$F$6:$DB$1547,E23,'Cocktail (December 2025)'!$AS$6:$AS$1547)) -> 0 | HJ23: =HI23/H23 -> 0 | HK23: =GW23+GX23+GY23+GZ23-HA23-HB23-HC23-HD23-HE23-HF23-HH23-HJ23 -> 0 | HL23: =HK23*H23 -> 0 | HM23: =(HB23+HC23+HD23+HE23+(HF23+((HG23*$F23)/$H23)+HJ23))*$L23 -> 0 | HO23: =HN23-HK23 -> 0 | HP23: =HK23 -> 0 | IA23: =(HZ23*F23)/H23 -> 0 | IB23: =IF(E23=0,0,SUMIF('Cocktail (December 2025)'!$F$6:$DB$1547,E23,'Cocktail (December 2025)'!$AV$6:$AV$1547)) -> 0 | IC23: =IB23/H23 -> 0 | ID23: =HP23+HQ23+HR23+HS23-HT23-HU23-HV23-HW23-HX23-HY23-IA23-IC23 -> 0 | IE23: =ID23*H23 -> 0 | IF23: =(HU23+HV23+HW23+HX23+(HY23+((HZ23*$F23)/$H23)+IC23))*$L23 -> 0 | IH23: =IG23-ID23 -> 0 | II23: =ID23 -> 0 | IT23: =(IS23*F23)/H23 -> 0 | IU23: =IF(E23=0,0,SUMIF('Cocktail (December 2025)'!$F$6:$DB$1547,E23,'Cocktail (December 2025)'!$AY$6:$AY$1547)) -> 0 | IV23: =IU23/H23 -> 0 | IW23: =II23+IJ23+IK23+IL23-IM23-IN23-IO23-IP23-IQ23-IR23-IT23-IV23 -> 0 | IX23: =IW23*H23 -> 0 | IY23: =(IN23+IO23+IP23+IQ23+(IR23+((IS23*$F23)/$H23)+IV23))*$L23 -> 0 | JA23: =IZ23-IW23 -> 0 | JB23: =IW23 -> 0 | JM23: =(JL23*F23)/H23 -> 0 | JN23: =IF(E23=0,0,SUMIF('Cocktail (December 2025)'!$F$6:$DB$1547,E23,'Cocktail (December 2025)'!$BB$6:$BB$1547)) -> 0 | JO23: =JN23/H23 -> 0 | JP23: =JB23+JC23+JD23+JE23-JF23-JG23-JH23-JI23-JJ23-JK23-JM23-JO23 -> 0 | JQ23: =JP23*H23 -> 0 | JR23: =(JG23+JH23+JI23+JJ23+(JK23+((JL23*$F23)/$H23)+JO23))*$L23 -> 0 | JT23: =JS23-JP23 -> 0 | JU23: =JP23 -> 0 | KF23: =(KE23*F23)/H23 -> 0 | KG23: =IF(E23=0,0,SUMIF('Cocktail (December 2025)'!$F$6:$DB$1547,E23,'Cocktail (December 2025)'!$BE$6:$BE$1547)) -> 0 | KH23: =KG23/H23 -> 0 | KI23: =JU23+JV23+JW23+JX23-JY23-JZ23-KA23-KB23-KC23-KD23-KF23-KH23 -> 0 | KJ23: =KI23*H23 -> 0 | KK23: =(JZ23+KA23+KB23+KC23+(KD23+((KE23*$F23)/$H23)+KH23))*$L23 -> 0 | KM23: =KL23-KI23 -> 0 | KN23: =KI23 -> 0 | KY23: =(KX23*F23)/H23 -> 0 | KZ23: =IF(E23=0,0,SUMIF('Cocktail (December 2025)'!$F$6:$DB$1547,E23,'Cocktail (December 2025)'!$BH$6:$BH$1547)) -> 0 | LA23: =KZ23/H23 -> 0 | LB23: =KN23+KO23+KP23+KQ23-KR23-KS23-KT23-KU23-KV23-KW23-KY23-LA23 -> 0 | LC23: =LB23*H23 -> 0 | LD23: =(KS23+KT23+KU23+KV23+(KW23+((KX23*$F23)/$H23)+LA23))*$L23 -> 0 | LF23: =LE23-LB23 -> 0 | LG23: =LB23 -> 0 | LR23: =(LQ23*F23)/H23 -> 0 | LS23: =IF(E23=0,0,SUMIF('Cocktail (December 2025)'!$F$6:$DB$1547,E23,'Cocktail (December 2025)'!$BK$6:$BK$1547)) -> 0 | LT23: =LS23/H23 -> 0 | LU23: =LG23+LH23+LI23+LJ23-LK23-LL23-LM23-LN23-LO23-LP23-LR23-LT23 -> 0 | LV23: =LU23*H23 -> 0 | LW23: =(LL23+LM23+LN23+LO23+(LP23+((LQ23*$F23)/$H23)+LT23))*$L23 -> 0 | LY23: =LX23-LU23 -> 0 | LZ23: =LU23 -> 0 | MK23: =(MJ23*F23)/H23 -> 0 | ML23: =IF(E23=0,0,SUMIF('Cocktail (December 2025)'!$F$6:$DB$1547,E23,'Cocktail (December 2025)'!$BN$6:$BN$1547)) -> 0 | MM23: =ML23/H23 -> 0 | MN23: =LZ23+MA23+MB23+MC23-MD23-ME23-MF23-MG23-MH23-MI23-MK23-MM23 -> 0 | MO23: =MN23*H23 -> 0 | MP23: =(ME23+MF23+MG23+MH23+(MI23+((MJ23*$F23)/$H23)+MM23))*$L23 -> 0 | MR23: =MQ23-MN23 -> 0 | MS23: =MN23 -> 0 | ND23: =(NC23*F23)/H23 -> 0 | NE23: =IF(E23=0,0,SUMIF('Cocktail (December 2025)'!$F$6:$DB$1547,E23,'Cocktail (December 2025)'!$BQ$6:$BQ$1547)) -> 0 | NF23: =NE23/H23 -> 0 | NG23: =MS23+MT23+MU23+MV23-MW23-MX23-MY23-MZ23-NA23-NB23-ND23-NF23 -> 0 | NH23: =NG23*H23 -> 0 | NI23: =(MX23+MY23+MZ23+NA23+(NB23+((NC23*$F23)/$H23)+NF23))*$L23 -> 0 | NK23: =NJ23-NG23 -> 0 | NL23: =NG23 -> 0 | NW23: =(NV23*F23)/H23 -> 0 | NX23: =IF(E23=0,0,SUMIF('Cocktail (December 2025)'!$F$6:$DB$1547,E23,'Cocktail (December 2025)'!$BT$6:$BT$1547)) -> 0 | NY23: =NX23/H23 -> 0 | NZ23: =NL23+NM23+NN23+NO23-NP23-NQ23-NR23-NS23-NT23-NU23-NW23-NY23 -> 0 | OA23: =NZ23*H23 -> 0 | OB23: =(NQ23+NR23+NS23+NT23+(NU23+((NV23*$F23)/$H23)+NY23))*$L23 -> 0 | OD23: =OC23-NZ23 -> 0 | OE23: =NZ23 -> 0 | OP23: =(OO23*F23)/H23 -> 0 | OQ23: =IF(E23=0,0,SUMIF('Cocktail (December 2025)'!$F$6:$DB$1547,E23,'Cocktail (December 2025)'!$BW$6:$BW$1547)) -> 0 | OR23: =OQ23/H23 -> 0 | OS23: =OE23+OF23+OG23+OH23-OI23-OJ23-OK23-OL23-OM23-ON23-OP23-OR23 -> 0 | OT23: =OS23*H23 -> 0 | OU23: =(OJ23+OK23+OL23+OM23+(ON23+((OO23*$F23)/$H23)+OR23))*$L23 -> 0 | OW23: =OV23-OS23 -> 0 | OX23: =OS23 -> 0 | PI23: =(PH23*F23)/H23 -> 0 | PJ23: =IF(E23=0,0,SUMIF('Cocktail (December 2025)'!$F$6:$DB$1547,E23,'Cocktail (December 2025)'!$BZ$6:$BZ$1547)) -> 0 | PK23: =PJ23/H23 -> 0 | PL23: =OX23+OY23+OZ23+PA23-PB23-PC23-PD23-PE23-PF23-PG23-PI23-PK23 -> 0 | PM23: =PL23*H23 -> 0 | PN23: =(PC23+PD23+PE23+PF23+(PG23+((PH23*$F23)/$H23)+PK23))*$L23 -> 0 | PP23: =PO23-PL23 -> 0 | PQ23: =PL23 -> 0 | QB23: =(QA23*F23)/H23 -> 0 | QC23: =IF(E23=0,0,SUMIF('Cocktail (December 2025)'!$F$6:$DB$1547,E23,'Cocktail (December 2025)'!$CC$6:$CC$1547)) -> 0 | QD23: =QC23/H23 -> 0 | QE23: =PQ23+PR23+PS23+PT23-PU23-PV23-PW23-PX23-PY23-PZ23-QB23-QD23 -> 0 | QF23: =QE23*H23 -> 0 | QG23: =(PV23+PW23+PX23+PY23+(PZ23+((QA23*$F23)/$H23)+QD23))*$L23 -> 0 | QI23: =QH23-QE23 -> 0 | QJ23: =QE23 -> 0 | QU23: =(QT23*F23)/H23 -> 0 | QV23: =IF(E23=0,0,SUMIF('Cocktail (December 2025)'!$F$6:$DB$1547,E23,'Cocktail (December 2025)'!$CF$6:$CF$1547)) -> 0 | QW23: =QV23/H23 -> 0 | QX23: =QJ23+QK23+QL23+QM23-QN23-QO23-QP23-QQ23-QR23-QS23-QU23-QW23 -> 0 | QY23: =QX23*H23 -> 0 | QZ23: =(QO23+QP23+QQ23+QR23+(QS23+((QT23*$F23)/$H23)+QW23))*$L23 -> 0 | RB23: =RA23-QX23 -> 0 | RC23: =QX23 -> 0 | RN23: =(RM23*F23)/H23 -> 0 | RO23: =IF(E23=0,0,SUMIF('Cocktail (December 2025)'!$F$6:$DB$1547,E23,'Cocktail (December 2025)'!$CI$6:$CI$1547)) -> 0 | RP23: =RO23/H23 -> 0 | RQ23: =RC23+RD23+RE23+RF23-RG23-RH23-RI23-RJ23-RK23-RL23-RN23-RP23 -> 0 | RR23: =RQ23*H23 -> 0 | RS23: =(RH23+RI23+RJ23+RK23+(RL23+((RM23*$F23)/$H23)+RP23))*$L23 -> 0 | RU23: =RT23-RQ23 -> 0 | RV23: =RQ23 -> 0 | SG23: =(SF23*F23)/H23 -> 0 | SH23: =IF(E23=0,0,SUMIF('Cocktail (December 2025)'!$F$6:$DB$1547,E23,'Cocktail (December 2025)'!$CL$6:$CL$1547)) -> 0 | SI23: =SH23/H23 -> 0 | SJ23: =RV23+RW23+RX23+RY23-RZ23-SA23-SB23-SC23-SD23-SE23-SG23-SI23 -> 0 | SK23: =SJ23*H23 -> 0 | SL23: =(SA23+SB23+SC23+SD23+(SE23+((SF23*$F23)/$H23)+SI23))*$L23 -> 0 | SN23: =SM23-SJ23 -> 0 | SO23: =SJ23 -> 0 | SZ23: =(SY23*F23)/H23 -> 0 | TA23: =IF(E23=0,0,SUMIF('Cocktail (December 2025)'!$F$6:$DB$1547,E23,'Cocktail (December 2025)'!$CO$6:$CO$1547)) -> 0 | TB23: =TA23/H23 -> 0 | TC23: =SO23+SP23+SQ23+SR23-SS23-ST23-SU23-SV23-SW23-SX23-SZ23-TB23 -> 0 | TD23: =TC23*H23 -> 0 | TE23: =(ST23+SU23+SV23+SW23+(SX23+((SY23*$F23)/$H23)+TB23))*$L23 -> 0 | TG23: =TF23-TC23 -> 0 | TH23: =TC23 -> 0 | TS23: =(TR23*F23)/H23 -> 0 | TT23: =IF(E23=0,0,SUMIF('Cocktail (December 2025)'!$F$6:$DB$1547,E23,'Cocktail (December 2025)'!$CR$6:$CR$1547)) -> 0 | TU23: =TT23/H23 -> 0 | TV23: =TH23+TI23+TJ23+TK23-TL23-TM23-TN23-TO23-TP23-TQ23-TS23-TU23 -> 0 | TW23: =TV23*H23 -> 0 | TX23: =(TM23+TN23+TO23+TP23+(TQ23+((TR23*$F23)/$H23)+TU23))*$L23 -> 0 | TZ23: =TY23-TV23 -> 0 | UA23: =TV23 -> 0 | UL23: =(UK23*F23)/H23 -> 0 | UM23: =IF(E23=0,0,SUMIF('Cocktail (December 2025)'!$F$6:$DB$1547,E23,'Cocktail (December 2025)'!$CU$6:$CU$1547)) -> 0 | UN23: =UM23/H23 -> 0 | UO23: =UA23+UB23+UC23+UD23-UE23-UF23-UG23-UH23-UI23-UJ23-UL23-UN23 -> 0 | UP23: =UO23*H23 -> 0 | UQ23: =(UF23+UG23+UH23+UI23+(UJ23+((UK23*$F23)/$H23)+UN23))*$L23 -> 0 | US23: =UR23-UO23 -> 0 | UT23: =UO23 -> 0 | VE23: =(VD23*F23)/H23 -> 0 | VF23: =IF(E23=0,0,SUMIF('Cocktail (December 2025)'!$F$6:$DB$1547,E23,'Cocktail (December 2025)'!$CX$6:$CX$1547)) -> 0 | VG23: =VF23/H23 -> 0 | VH23: =UT23+UU23+UV23+UW23-UX23-UY23-UZ23-VA23-VB23-VC23-VE23-VG23 -> 0 | VI23: =VH23*H23 -> 0 | VJ23: =(UY23+UZ23+VA23+VB23+(VC23+((VD23*$F23)/$H23)+VG23))*$L23 -> 0 | VL23: =VK23-VH23 -> 0 | VM23: =VH23 -> 0 | VX23: =(VW23*F23)/H23 -> 0 | VY23: =IF(E23=0,0,SUMIF('Cocktail (December 2025)'!$F$6:$DB$1547,E23,'Cocktail (December 2025)'!$DA$6:$DA$1547)) -> 0 | VZ23: =VY23/H23 -> 0 | WA23: =VM23+VN23+VO23+VP23-VQ23-VR23-VS23-VT23-VU23-VV23-VX23-VZ23 -> 0 | WB23: =WA23*H23 -> 0 | WC23: =(VR23+VS23+VT23+VU23+(VV23+((VW23*$F23)/$H23)+VZ23))*$L23 -> 0 | WE23: =WD23-WA23 -> 0 | WF23: X | WG23: =O23 -> 0 | WH23: =P23+AI23+BB23+BU23+CN23+DG23+DZ23+ES23+FL23+GE23+GX23+HQ23+IJ23+JC23+JV23+KO23+LH23+MA23+MT23+NM23+OF23+OY23+PR23+QK23+RD23+RW23+SP23+TI23+UB23+UU23+VN23 -> 0 | WI23: =Q23+AJ23+BC23+BV23+CO23+DH23+EA23+ET23+FM23+GF23+GY23+HR23+IK23+JD23+JW23+KP23+LI23+MB23+MU23+NN23+OG23+OZ23+PS23+QL23+RE23+RX23+SQ23+TJ23+UC23+UV23+VO23 -> 0 | WJ23: =R23+AK23+BD23+BW23+CP23+DI23+EB23+EU23+FN23+GG23+GZ23+HS23+IL23+JE23+JX23+KQ23+LJ23+MC23+MV23+NO23+OH23+PA23+PT23+QM23+RF23+RY23+SR23+TK23+UD23+UW23+VP23 -> 0 | WK23: =S23+AL23+BE23+BX23+CQ23+DJ23+EC23+EV23+FO23+GH23+HA23+HT23+IM23+JF23+JY23+KR23+LK23+MD23+MW23+NP23+OI23+PB23+PU23+QN23+RG23+RZ23+SS23+TL23+UE23+UX23+VQ23 -> 0 | WL23: =T23+AM23+BF23+BY23+CR23+DK23+ED23+EW23+FP23+GI23+HB23+HU23+IN23+JG23+JZ23+KS23+LL23+ME23+MX23+NQ23+OJ23+PC23+PV23+QO23+RH23+SA23+ST23+TM23+UF23+UY23+VR23 -> 0 | WM23: =U23+AN23+BG23+BZ23+CS23+DL23+EE23++EX23+FQ23+GJ23+HC23+HV23+IO23+JH23+KA23+KT23+LM23+MF23+MY23+NR23+OK23+PD23+PW23+QP23+RI23+SB23+SU23+TN23+UG23+UZ23+VS23 -> 0 | WN23: =V23+AO23+BH23+CA23+CT23+DM23+EF23+EY23+FR23+GK23+HD23+HW23+IP23+JI23+KB23+KU23+LN23+MG23+MZ23+NS23+OL23+PE23+PX23+QQ23+RJ23+SC23+SV23+TO23+UH23+VA23+VT23 -> 0 | WO23: =W23+AP23+BI23+CB23+CU23+DN23+EG23+EZ23+FS23+GL23+HE23+HX23+IQ23+JJ23+KC23+KV23+LO23+MH23+NA23+NT23+OM23+PF23+PY23+QR23+RK23+SD23+SW23+TP23+UI23+VB23+VU23 -> 0 | WP23: =X23+AQ23+BJ23+CC23+CV23+DO23+EH23+FA23+FT23+GM23+HF23+HY23+IR23+JK23+KD23+KW23+LP23+MI23+NB23+NU23+ON23+PG23+PZ23+QS23+RL23+SE23+SX23+TQ23+UJ23+VC23+VV23 -> 0 | WQ23: =Y23+AR23+BK23+CD23+CW23+DP23+EI23+FB23+FU23+GN23+HG23+HZ23+IS23+JL23+KE23+KX23+LQ23+MJ23+NC23+NV23+OO23+PH23+QA23+QT23+RM23+SF23+SY23+TR23+UK23+VD23+VW23 -> 0 | WR23: =Z23+AS23+BL23+CE23+CX23+DQ23+EJ23+FC23+FV23+GO23+HH23+IA23+IT23+JM23+KF23+KY23+LR23+MK23+ND23+NW23+OP23+PI23+QB23+QU23+RN23+SG23+SZ23+TS23+UL23+VE23+VX23 -> 0 | WS23: =AB23+AU23+BN23+CG23+CZ23+DS23+EL23+FE23+FX23+GQ23+HJ23+IC23+IV23+JO23+KH23+LA23+LT23+MM23+NF23+NY23+OR23+PK23+QD23+QW23+RP23+SI23+TB23+TU23+UN23+VG23+VZ23 -> 0 | WT23: =WA23 -> 0 | WU23: =WB23 -> 0 | WW23: =WV23-WT23 -> 0 | WX23: =WV23/F23 -> 0
A24: =IFERROR(IF(WU24=0,"-","Y"),"-") -> - | C24: 61 | D24: 84 | E24: Jameson 700 ml | F24: =IF(E24="","",IF(VLOOKUP(E24,'Master Data (December 2025)'!$B$10:$N$857,1)=E24,VLOOKUP(E24,'Master Data (December 2025)'!$B$10:$N$857,6),"XX")) -> 1 | H24: =IF(E24="","",IF(VLOOKUP(E24,'Master Data (December 2025)'!$B$10:$N$857,1)=E24,VLOOKUP(E24,'Master Data (December 2025)'!$B$10:$N$857,8),"XX")) -> 22 | J24: =IF(E24="","",IF(VLOOKUP(E24,'Master Data (December 2025)'!$B$10:$N$857,1)=E24,VLOOKUP(E24,'Master Data (December 2025)'!$B$10:$N$857,3),"XX")) -> อมฤต | K24: =IF(E24="","",IF(VLOOKUP(E24,'Master Data (December 2025)'!$B$10:$N$857,1)=E24,VLOOKUP(E24,'Master Data (December 2025)'!$B$10:$N$857,5),"XX")) -> Btl 700 ml | L24: =IF(E24="","",IF(VLOOKUP(E24,'Master Data (December 2025)'!$B$10:$N$857,1)=E24,VLOOKUP(E24,'Master Data (December 2025)'!$B$10:$N$857,11),"XX")) -> 990 | M24: =IF(E24="","",IF(VLOOKUP(E24,'Master Data (December 2025)'!$B$10:$N$857,1)=E24,VLOOKUP(E24,'Master Data (December 2025)'!$B$10:$N$857,13),"XX")) -> 45 | O24: =N24 -> 0 | Z24: =(Y24*F24)/H24 -> 0 | AA24: =IF(E24=0,0,SUMIF('Cocktail (December 2025)'!$F$6:$DB$1547,E24,'Cocktail (December 2025)'!$O$6:$O$1547)) -> 0 | AB24: =AA24/H24 -> 0 | AC24: =O24+P24+Q24+R24-S24-T24-U24-V24-W24-X24-Z24-AB24 -> 0 | AD24: =AC24*H24 -> 0 | AE24: =(T24+U24+V24+W24+(X24+((Y24*$F24)/$H24)+AB24))*$L24 -> 0 | AG24: =AF24-AC24 -> 0 | AH24: =IF(AF24="",AC24,IF(AF24<>0,AF24,0)) -> 0 | AS24: =(AR24*F24)/H24 -> 0 | AT24: =IF(E24=0,0,SUMIF('Cocktail (December 2025)'!$F$6:$DB$1547,E24,'Cocktail (December 2025)'!$R$6:$R$1547)) -> 0 | AU24: =AT24/H24 -> 0 | AV24: =AH24+AI24+AJ24+AK24-AL24-AM24-AN24-AO24-AP24-AQ24-AS24-AU24 -> 0 | AW24: =AV24*H24 -> 0 | AX24: =(AM24+AN24+AO24+AP24+(AQ24+((AR24*$F24)/$H24)+AU24))*$L24 -> 0 | AZ24: =AY24-AV24 -> 0 | BA24: =AV24 -> 0 | BL24: =(BK24*F24)/H24 -> 0 | BM24: =IF(E24=0,0,SUMIF('Cocktail (December 2025)'!$F$6:$DB$1547,E24,'Cocktail (December 2025)'!$U$6:$U$1547)) -> 0 | BN24: =BM24/H24 -> 0 | BO24: =BA24+BB24+BC24+BD24-BE24-BF24-BG24-BH24-BI24-BJ24-BL24-BN24 -> 0 | BP24: =BO24*H24 -> 0 | BQ24: =(BF24+BG24+BH24+BI24+(BJ24+((BK24*$F24)/$H24)+BN24))*$L24 -> 0 | BS24: =BR24-BO24 -> 0 | BT24: =BO24 -> 0 | CE24: =(CD24*F24)/H24 -> 0 | CF24: =IF(E24=0,0,SUMIF('Cocktail (December 2025)'!$F$6:$DB$1547,E24,'Cocktail (December 2025)'!$X$6:$X$1547)) -> 0 | CG24: =CF24/H24 -> 0 | CH24: =BT24+BU24+BV24+BW24-BX24-BY24-BZ24-CA24-CB24-CC24-CE24-CG24 -> 0 | CI24: =CH24*H24 -> 0 | CJ24: =(BY24+BZ24+CA24+CB24+(CC24+((CD24*$F24)/$H24)+CG24))*$L24 -> 0 | CL24: =CK24-CH24 -> 0 | CM24: =CH24 -> 0 | CX24: =(CW24*F24)/H24 -> 0 | CY24: =IF(E24=0,0,SUMIF('Cocktail (December 2025)'!$F$6:$DB$1547,E24,'Cocktail (December 2025)'!$AA$6:$AA$1547)) -> 0 | CZ24: =CY24/H24 -> 0 | DA24: =CM24+CN24+CO24+CP24-CQ24-CR24-CS24-CT24-CU24-CV24-CX24-CZ24 -> 0 | DB24: =DA24*H24 -> 0 | DC24: =(CR24+CS24+CT24+CU24+(CV24+((CW24*$F24)/$H24)+CZ24))*$L24 -> 0 | DE24: =DD24-DA24 -> 0 | DF24: =DA24 -> 0 | DQ24: =(DP24*F24)/H24 -> 0 | DR24: =IF(E24=0,0,SUMIF('Cocktail (December 2025)'!$F$6:$DB$1547,E24,'Cocktail (December 2025)'!$AD$6:$AD$1547)) -> 0 | DS24: =DR24/H24 -> 0 | DT24: =DF24+DG24+DH24+DI24-DJ24-DK24-DL24-DM24-DN24-DO24-DQ24-DS24 -> 0 | DU24: =DT24*H24 -> 0 | DV24: =(DK24+DL24+DM24+DN24+(DO24+((DP24*$F24)/$H24)+DS24))*$L24 -> 0 | DX24: =DW24-DT24 -> 0 | DY24: =DT24 -> 0 | EJ24: =(EI24*F24)/H24 -> 0 | EK24: =IF(E24=0,0,SUMIF('Cocktail (December 2025)'!$F$6:$DB$1547,E24,'Cocktail (December 2025)'!$AG$6:$AG$1547)) -> 0 | EL24: =EK24/H24 -> 0 | EM24: =DY24+DZ24+EA24+EB24-EC24-ED24-EE24-EF24-EG24-EH24-EJ24-EL24 -> 0 | EN24: =EM24*H24 -> 0 | EO24: =(ED24+EE24+EF24+EG24+(EH24+((EI24*$F24)/$H24)+EL24))*$L24 -> 0 | EQ24: =EP24-EM24 -> 0 | ER24: =EM24 -> 0 | FC24: =(FB24*F24)/H24 -> 0 | FD24: =IF(E24=0,0,SUMIF('Cocktail (December 2025)'!$F$6:$DB$1547,E24,'Cocktail (December 2025)'!$AJ$6:$AJ$1547)) -> 0 | FE24: =FD24/H24 -> 0 | FF24: =ER24+ES24+ET24+EU24-EV24-EW24-EX24-EY24-EZ24-FA24-FC24-FE24 -> 0 | FG24: =FF24*H24 -> 0 | FH24: =(EW24+EX24+EY24+EZ24+(FA24+((FB24*$F24)/$H24)+FE24))*$L24 -> 0 | FJ24: =FI24-FF24 -> 0 | FK24: =FF24 -> 0 | FV24: =(FU24*F24)/H24 -> 0 | FW24: =IF(E24=0,0,SUMIF('Cocktail (December 2025)'!$F$6:$DB$1547,E24,'Cocktail (December 2025)'!$AM$6:$AM$1547)) -> 0 | FX24: =FW24/H24 -> 0 | FY24: =FK24+FL24+FM24+FN24-FO24-FP24-FQ24-FR24-FS24-FT24-FV24-FX24 -> 0 | FZ24: =FY24*H24 -> 0 | GA24: =(FP24+FQ24+FR24+FS24+(FT24+((FU24*$F24)/$H24)+FX24))*$L24 -> 0 | GC24: =GB24-FY24 -> 0 | GD24: =FY24 -> 0 | GO24: =(GN24*F24)/H24 -> 0 | GP24: =IF(E24=0,0,SUMIF('Cocktail (December 2025)'!$F$6:$DB$1547,E24,'Cocktail (December 2025)'!$AP$6:$AP$1547)) -> 0 | GQ24: =GP24/H24 -> 0 | GR24: =GD24+GE24+GF24+GG24-GH24-GI24-GJ24-GK24-GL24-GM24-GO24-GQ24 -> 0 | GS24: =GR24*H24 -> 0 | GT24: =(GI24+GJ24+GK24+GL24+(GM24+((GN24*$F24)/$H24)+GQ24))*$L24 -> 0 | GV24: =GU24-GR24 -> 0 | GW24: =GR24 -> 0 | HH24: =(HG24*F24)/H24 -> 0 | HI24: =IF(E24=0,0,SUMIF('Cocktail (December 2025)'!$F$6:$DB$1547,E24,'Cocktail (December 2025)'!$AS$6:$AS$1547)) -> 0 | HJ24: =HI24/H24 -> 0 | HK24: =GW24+GX24+GY24+GZ24-HA24-HB24-HC24-HD24-HE24-HF24-HH24-HJ24 -> 0 | HL24: =HK24*H24 -> 0 | HM24: =(HB24+HC24+HD24+HE24+(HF24+((HG24*$F24)/$H24)+HJ24))*$L24 -> 0 | HO24: =HN24-HK24 -> 0 | HP24: =HK24 -> 0 | IA24: =(HZ24*F24)/H24 -> 0 | IB24: =IF(E24=0,0,SUMIF('Cocktail (December 2025)'!$F$6:$DB$1547,E24,'Cocktail (December 2025)'!$AV$6:$AV$1547)) -> 0 | IC24: =IB24/H24 -> 0 | ID24: =HP24+HQ24+HR24+HS24-HT24-HU24-HV24-HW24-HX24-HY24-IA24-IC24 -> 0 | IE24: =ID24*H24 -> 0 | IF24: =(HU24+HV24+HW24+HX24+(HY24+((HZ24*$F24)/$H24)+IC24))*$L24 -> 0 | IH24: =IG24-ID24 -> 0 | II24: =ID24 -> 0 | IT24: =(IS24*F24)/H24 -> 0 | IU24: =IF(E24=0,0,SUMIF('Cocktail (December 2025)'!$F$6:$DB$1547,E24,'Cocktail (December 2025)'!$AY$6:$AY$1547)) -> 0 | IV24: =IU24/H24 -> 0 | IW24: =II24+IJ24+IK24+IL24-IM24-IN24-IO24-IP24-IQ24-IR24-IT24-IV24 -> 0 | IX24: =IW24*H24 -> 0 | IY24: =(IN24+IO24+IP24+IQ24+(IR24+((IS24*$F24)/$H24)+IV24))*$L24 -> 0 | JA24: =IZ24-IW24 -> 0 | JB24: =IW24 -> 0 | JM24: =(JL24*F24)/H24 -> 0 | JN24: =IF(E24=0,0,SUMIF('Cocktail (December 2025)'!$F$6:$DB$1547,E24,'Cocktail (December 2025)'!$BB$6:$BB$1547)) -> 0 | JO24: =JN24/H24 -> 0 | JP24: =JB24+JC24+JD24+JE24-JF24-JG24-JH24-JI24-JJ24-JK24-JM24-JO24 -> 0 | JQ24: =JP24*H24 -> 0 | JR24: =(JG24+JH24+JI24+JJ24+(JK24+((JL24*$F24)/$H24)+JO24))*$L24 -> 0 | JT24: =JS24-JP24 -> 0 | JU24: =JP24 -> 0 | KF24: =(KE24*F24)/H24 -> 0 | KG24: =IF(E24=0,0,SUMIF('Cocktail (December 2025)'!$F$6:$DB$1547,E24,'Cocktail (December 2025)'!$BE$6:$BE$1547)) -> 0 | KH24: =KG24/H24 -> 0 | KI24: =JU24+JV24+JW24+JX24-JY24-JZ24-KA24-KB24-KC24-KD24-KF24-KH24 -> 0 | KJ24: =KI24*H24 -> 0 | KK24: =(JZ24+KA24+KB24+KC24+(KD24+((KE24*$F24)/$H24)+KH24))*$L24 -> 0 | KM24: =KL24-KI24 -> 0 | KN24: =KI24 -> 0 | KY24: =(KX24*F24)/H24 -> 0 | KZ24: =IF(E24=0,0,SUMIF('Cocktail (December 2025)'!$F$6:$DB$1547,E24,'Cocktail (December 2025)'!$BH$6:$BH$1547)) -> 0 | LA24: =KZ24/H24 -> 0 | LB24: =KN24+KO24+KP24+KQ24-KR24-KS24-KT24-KU24-KV24-KW24-KY24-LA24 -> 0 | LC24: =LB24*H24 -> 0 | LD24: =(KS24+KT24+KU24+KV24+(KW24+((KX24*$F24)/$H24)+LA24))*$L24 -> 0 | LF24: =LE24-LB24 -> 0 | LG24: =LB24 -> 0 | LR24: =(LQ24*F24)/H24 -> 0 | LS24: =IF(E24=0,0,SUMIF('Cocktail (December 2025)'!$F$6:$DB$1547,E24,'Cocktail (December 2025)'!$BK$6:$BK$1547)) -> 0 | LT24: =LS24/H24 -> 0 | LU24: =LG24+LH24+LI24+LJ24-LK24-LL24-LM24-LN24-LO24-LP24-LR24-LT24 -> 0 | LV24: =LU24*H24 -> 0 | LW24: =(LL24+LM24+LN24+LO24+(LP24+((LQ24*$F24)/$H24)+LT24))*$L24 -> 0 | LY24: =LX24-LU24 -> 0 | LZ24: =LU24 -> 0 | MK24: =(MJ24*F24)/H24 -> 0 | ML24: =IF(E24=0,0,SUMIF('Cocktail (December 2025)'!$F$6:$DB$1547,E24,'Cocktail (December 2025)'!$BN$6:$BN$1547)) -> 0 | MM24: =ML24/H24 -> 0 | MN24: =LZ24+MA24+MB24+MC24-MD24-ME24-MF24-MG24-MH24-MI24-MK24-MM24 -> 0 | MO24: =MN24*H24 -> 0 | MP24: =(ME24+MF24+MG24+MH24+(MI24+((MJ24*$F24)/$H24)+MM24))*$L24 -> 0 | MR24: =MQ24-MN24 -> 0 | MS24: =MN24 -> 0 | ND24: =(NC24*F24)/H24 -> 0 | NE24: =IF(E24=0,0,SUMIF('Cocktail (December 2025)'!$F$6:$DB$1547,E24,'Cocktail (December 2025)'!$BQ$6:$BQ$1547)) -> 0 | NF24: =NE24/H24 -> 0 | NG24: =MS24+MT24+MU24+MV24-MW24-MX24-MY24-MZ24-NA24-NB24-ND24-NF24 -> 0 | NH24: =NG24*H24 -> 0 | NI24: =(MX24+MY24+MZ24+NA24+(NB24+((NC24*$F24)/$H24)+NF24))*$L24 -> 0 | NK24: =NJ24-NG24 -> 0 | NL24: =NG24 -> 0 | NW24: =(NV24*F24)/H24 -> 0 | NX24: =IF(E24=0,0,SUMIF('Cocktail (December 2025)'!$F$6:$DB$1547,E24,'Cocktail (December 2025)'!$BT$6:$BT$1547)) -> 0 | NY24: =NX24/H24 -> 0 | NZ24: =NL24+NM24+NN24+NO24-NP24-NQ24-NR24-NS24-NT24-NU24-NW24-NY24 -> 0 | OA24: =NZ24*H24 -> 0 | OB24: =(NQ24+NR24+NS24+NT24+(NU24+((NV24*$F24)/$H24)+NY24))*$L24 -> 0 | OD24: =OC24-NZ24 -> 0 | OE24: =NZ24 -> 0 | OP24: =(OO24*F24)/H24 -> 0 | OQ24: =IF(E24=0,0,SUMIF('Cocktail (December 2025)'!$F$6:$DB$1547,E24,'Cocktail (December 2025)'!$BW$6:$BW$1547)) -> 0 | OR24: =OQ24/H24 -> 0 | OS24: =OE24+OF24+OG24+OH24-OI24-OJ24-OK24-OL24-OM24-ON24-OP24-OR24 -> 0 | OT24: =OS24*H24 -> 0 | OU24: =(OJ24+OK24+OL24+OM24+(ON24+((OO24*$F24)/$H24)+OR24))*$L24 -> 0 | OW24: =OV24-OS24 -> 0 | OX24: =OS24 -> 0 | PI24: =(PH24*F24)/H24 -> 0 | PJ24: =IF(E24=0,0,SUMIF('Cocktail (December 2025)'!$F$6:$DB$1547,E24,'Cocktail (December 2025)'!$BZ$6:$BZ$1547)) -> 0 | PK24: =PJ24/H24 -> 0 | PL24: =OX24+OY24+OZ24+PA24-PB24-PC24-PD24-PE24-PF24-PG24-PI24-PK24 -> 0 | PM24: =PL24*H24 -> 0 | PN24: =(PC24+PD24+PE24+PF24+(PG24+((PH24*$F24)/$H24)+PK24))*$L24 -> 0 | PP24: =PO24-PL24 -> 0 | PQ24: =PL24 -> 0 | QB24: =(QA24*F24)/H24 -> 0 | QC24: =IF(E24=0,0,SUMIF('Cocktail (December 2025)'!$F$6:$DB$1547,E24,'Cocktail (December 2025)'!$CC$6:$CC$1547)) -> 0 | QD24: =QC24/H24 -> 0 | QE24: =PQ24+PR24+PS24+PT24-PU24-PV24-PW24-PX24-PY24-PZ24-QB24-QD24 -> 0 | QF24: =QE24*H24 -> 0 | QG24: =(PV24+PW24+PX24+PY24+(PZ24+((QA24*$F24)/$H24)+QD24))*$L24 -> 0 | QI24: =QH24-QE24 -> 0 | QJ24: =QE24 -> 0 | QU24: =(QT24*F24)/H24 -> 0 | QV24: =IF(E24=0,0,SUMIF('Cocktail (December 2025)'!$F$6:$DB$1547,E24,'Cocktail (December 2025)'!$CF$6:$CF$1547)) -> 0 | QW24: =QV24/H24 -> 0 | QX24: =QJ24+QK24+QL24+QM24-QN24-QO24-QP24-QQ24-QR24-QS24-QU24-QW24 -> 0 | QY24: =QX24*H24 -> 0 | QZ24: =(QO24+QP24+QQ24+QR24+(QS24+((QT24*$F24)/$H24)+QW24))*$L24 -> 0 | RB24: =RA24-QX24 -> 0 | RC24: =QX24 -> 0 | RN24: =(RM24*F24)/H24 -> 0 | RO24: =IF(E24=0,0,SUMIF('Cocktail (December 2025)'!$F$6:$DB$1547,E24,'Cocktail (December 2025)'!$CI$6:$CI$1547)) -> 0 | RP24: =RO24/H24 -> 0 | RQ24: =RC24+RD24+RE24+RF24-RG24-RH24-RI24-RJ24-RK24-RL24-RN24-RP24 -> 0 | RR24: =RQ24*H24 -> 0 | RS24: =(RH24+RI24+RJ24+RK24+(RL24+((RM24*$F24)/$H24)+RP24))*$L24 -> 0 | RU24: =RT24-RQ24 -> 0 | RV24: =RQ24 -> 0 | SG24: =(SF24*F24)/H24 -> 0 | SH24: =IF(E24=0,0,SUMIF('Cocktail (December 2025)'!$F$6:$DB$1547,E24,'Cocktail (December 2025)'!$CL$6:$CL$1547)) -> 0 | SI24: =SH24/H24 -> 0 | SJ24: =RV24+RW24+RX24+RY24-RZ24-SA24-SB24-SC24-SD24-SE24-SG24-SI24 -> 0 | SK24: =SJ24*H24 -> 0 | SL24: =(SA24+SB24+SC24+SD24+(SE24+((SF24*$F24)/$H24)+SI24))*$L24 -> 0 | SN24: =SM24-SJ24 -> 0 | SO24: =SJ24 -> 0 | SZ24: =(SY24*F24)/H24 -> 0 | TA24: =IF(E24=0,0,SUMIF('Cocktail (December 2025)'!$F$6:$DB$1547,E24,'Cocktail (December 2025)'!$CO$6:$CO$1547)) -> 0 | TB24: =TA24/H24 -> 0 | TC24: =SO24+SP24+SQ24+SR24-SS24-ST24-SU24-SV24-SW24-SX24-SZ24-TB24 -> 0 | TD24: =TC24*H24 -> 0 | TE24: =(ST24+SU24+SV24+SW24+(SX24+((SY24*$F24)/$H24)+TB24))*$L24 -> 0 | TG24: =TF24-TC24 -> 0 | TH24: =TC24 -> 0 | TS24: =(TR24*F24)/H24 -> 0 | TT24: =IF(E24=0,0,SUMIF('Cocktail (December 2025)'!$F$6:$DB$1547,E24,'Cocktail (December 2025)'!$CR$6:$CR$1547)) -> 0 | TU24: =TT24/H24 -> 0 | TV24: =TH24+TI24+TJ24+TK24-TL24-TM24-TN24-TO24-TP24-TQ24-TS24-TU24 -> 0 | TW24: =TV24*H24 -> 0 | TX24: =(TM24+TN24+TO24+TP24+(TQ24+((TR24*$F24)/$H24)+TU24))*$L24 -> 0 | TZ24: =TY24-TV24 -> 0 | UA24: =TV24 -> 0 | UL24: =(UK24*F24)/H24 -> 0 | UM24: =IF(E24=0,0,SUMIF('Cocktail (December 2025)'!$F$6:$DB$1547,E24,'Cocktail (December 2025)'!$CU$6:$CU$1547)) -> 0 | UN24: =UM24/H24 -> 0 | UO24: =UA24+UB24+UC24+UD24-UE24-UF24-UG24-UH24-UI24-UJ24-UL24-UN24 -> 0 | UP24: =UO24*H24 -> 0 | UQ24: =(UF24+UG24+UH24+UI24+(UJ24+((UK24*$F24)/$H24)+UN24))*$L24 -> 0 | US24: =UR24-UO24 -> 0 | UT24: =UO24 -> 0 | VE24: =(VD24*F24)/H24 -> 0 | VF24: =IF(E24=0,0,SUMIF('Cocktail (December 2025)'!$F$6:$DB$1547,E24,'Cocktail (December 2025)'!$CX$6:$CX$1547)) -> 0 | VG24: =VF24/H24 -> 0 | VH24: =UT24+UU24+UV24+UW24-UX24-UY24-UZ24-VA24-VB24-VC24-VE24-VG24 -> 0 | VI24: =VH24*H24 -> 0 | VJ24: =(UY24+UZ24+VA24+VB24+(VC24+((VD24*$F24)/$H24)+VG24))*$L24 -> 0 | VL24: =VK24-VH24 -> 0 | VM24: =VH24 -> 0 | VX24: =(VW24*F24)/H24 -> 0 | VY24: =IF(E24=0,0,SUMIF('Cocktail (December 2025)'!$F$6:$DB$1547,E24,'Cocktail (December 2025)'!$DA$6:$DA$1547)) -> 0 | VZ24: =VY24/H24 -> 0 | WA24: =VM24+VN24+VO24+VP24-VQ24-VR24-VS24-VT24-VU24-VV24-VX24-VZ24 -> 0 | WB24: =WA24*H24 -> 0 | WC24: =(VR24+VS24+VT24+VU24+(VV24+((VW24*$F24)/$H24)+VZ24))*$L24 -> 0 | WE24: =WD24-WA24 -> 0 | WF24: X | WG24: =O24 -> 0 | WH24: =P24+AI24+BB24+BU24+CN24+DG24+DZ24+ES24+FL24+GE24+GX24+HQ24+IJ24+JC24+JV24+KO24+LH24+MA24+MT24+NM24+OF24+OY24+PR24+QK24+RD24+RW24+SP24+TI24+UB24+UU24+VN24 -> 0 | WI24: =Q24+AJ24+BC24+BV24+CO24+DH24+EA24+ET24+FM24+GF24+GY24+HR24+IK24+JD24+JW24+KP24+LI24+MB24+MU24+NN24+OG24+OZ24+PS24+QL24+RE24+RX24+SQ24+TJ24+UC24+UV24+VO24 -> 0 | WJ24: =R24+AK24+BD24+BW24+CP24+DI24+EB24+EU24+FN24+GG24+GZ24+HS24+IL24+JE24+JX24+KQ24+LJ24+MC24+MV24+NO24+OH24+PA24+PT24+QM24+RF24+RY24+SR24+TK24+UD24+UW24+VP24 -> 0 | WK24: =S24+AL24+BE24+BX24+CQ24+DJ24+EC24+EV24+FO24+GH24+HA24+HT24+IM24+JF24+JY24+KR24+LK24+MD24+MW24+NP24+OI24+PB24+PU24+QN24+RG24+RZ24+SS24+TL24+UE24+UX24+VQ24 -> 0 | WL24: =T24+AM24+BF24+BY24+CR24+DK24+ED24+EW24+FP24+GI24+HB24+HU24+IN24+JG24+JZ24+KS24+LL24+ME24+MX24+NQ24+OJ24+PC24+PV24+QO24+RH24+SA24+ST24+TM24+UF24+UY24+VR24 -> 0 | WM24: =U24+AN24+BG24+BZ24+CS24+DL24+EE24++EX24+FQ24+GJ24+HC24+HV24+IO24+JH24+KA24+KT24+LM24+MF24+MY24+NR24+OK24+PD24+PW24+QP24+RI24+SB24+SU24+TN24+UG24+UZ24+VS24 -> 0 | WN24: =V24+AO24+BH24+CA24+CT24+DM24+EF24+EY24+FR24+GK24+HD24+HW24+IP24+JI24+KB24+KU24+LN24+MG24+MZ24+NS24+OL24+PE24+PX24+QQ24+RJ24+SC24+SV24+TO24+UH24+VA24+VT24 -> 0 | WO24: =W24+AP24+BI24+CB24+CU24+DN24+EG24+EZ24+FS24+GL24+HE24+HX24+IQ24+JJ24+KC24+KV24+LO24+MH24+NA24+NT24+OM24+PF24+PY24+QR24+RK24+SD24+SW24+TP24+UI24+VB24+VU24 -> 0 | WP24: =X24+AQ24+BJ24+CC24+CV24+DO24+EH24+FA24+FT24+GM24+HF24+HY24+IR24+JK24+KD24+KW24+LP24+MI24+NB24+NU24+ON24+PG24+PZ24+QS24+RL24+SE24+SX24+TQ24+UJ24+VC24+VV24 -> 0 | WQ24: =Y24+AR24+BK24+CD24+CW24+DP24+EI24+FB24+FU24+GN24+HG24+HZ24+IS24+JL24+KE24+KX24+LQ24+MJ24+NC24+NV24+OO24+PH24+QA24+QT24+RM24+SF24+SY24+TR24+UK24+VD24+VW24 -> 0 | WR24: =Z24+AS24+BL24+CE24+CX24+DQ24+EJ24+FC24+FV24+GO24+HH24+IA24+IT24+JM24+KF24+KY24+LR24+MK24+ND24+NW24+OP24+PI24+QB24+QU24+RN24+SG24+SZ24+TS24+UL24+VE24+VX24 -> 0 | WS24: =AB24+AU24+BN24+CG24+CZ24+DS24+EL24+FE24+FX24+GQ24+HJ24+IC24+IV24+JO24+KH24+LA24+LT24+MM24+NF24+NY24+OR24+PK24+QD24+QW24+RP24+SI24+TB24+TU24+UN24+VG24+VZ24 -> 0 | WT24: =WA24 -> 0 | WU24: =WB24 -> 0 | WW24: =WV24-WT24 -> 0 | WX24: =WV24/F24 -> 0
